Workbook

Sheet MDB
A1: Employee ID | B1: Process ID | C1: Login ID | D1: Employee Name | E1: Gender | F1: SSC Reg Num. | G1: Designation | H1: Functional Designation/Job Role | I1: Department | J1: Process Segment (LOB) | K1: Process | L1: Employment Type | M1: Sup 1 | N1: Sup 2 | O1: HoD | P1: Training Batch | Q1: DOT | R1: DOJ | S1: Contractual Transfer DOJ | T1: Permanent Transfer DOJ | U1: New Role DOJ | V1: Official Contact | W1: Email | X1: Contact# | Y1: Alt. Cont# | Z1: Emergency Contact Person | AA1: Emergency Number | AB1: Rel. with Employee | AC1: Blood Group | AD1: DOB | AE1: Age | AF1: Religion | AG1: NID# | AH1: Passport# | AI1: Academic Qualification | AJ1: Education Pursuing | AK1: Passing Year | AL1: Institution | AM1: Father's Name | AN1: Mother's Name | AO1: Present Address | AP1: Permanent Address | AQ1: Present Pick Location | AR1: Marital Status | AS1: Spouse Name | AT1: Spouse DOB | AU1: Child-1 Name | AV1: Child-1 DOB | AW1: Child-2 Name | AX1: Child-2 DOB | AY1: Child-3 Name | AZ1: Child-3 DOB | BA1: Status | BB1: Rate 1 | BC1: Rate 2 | BD1: Rate 3 | BE1: Shift | BF1: Previous ID | BG1: Previous Process | BH1: MDB Update | BI1: Personal note BKAsh | BJ1: Official email ID | BK1: Bkash Number | BL1: October Bkash
A2: 171160 | C2: mmaigenex038 | D2: Farzana Akter | E2: Female | F2: 783543 | G2: CSO | H2: Content Moderator | I2: Operations | J2: Content Moderation and Data Annotation | K2: TEMU | L2: Fixed | M2: Halima akter | N2: Asif Iqbal | O2: Ashraful Haq | P2: 2 | Q2: 45029 | R2: 45042 | W2: farjanaraha234@gmail.com | X2: 1817647164 | Z2: Md Abdur Rahim | AA2: 1999087365 | AB2: Husband | AC2: O+ | AD2: 34800 | AE2: =((TODAY())-AD2)/365 -> 29.854795 | AF2: Islam | AG2: 6854249239 | AH2: N/A | AI2: Master's | AJ2: N/A | AK2: N/A | AL2: National university | AM2: Md.Saifuddin | AN2: Jinnat Ara Nargis | AO2: Area : Kha para masjid road, Thana : Khilkhet,Dist : Dhaka | AP2: Vill : Ali Raja Munsi bari,Maddham Chandpur,Lemua,Thana : Feni sadar,Dist : Feni | AQ2: Khilkhet | AR2: Married | BA2: Active | BB2: 10800 | BC2: 2700 | BD2: 0 | BE2: Morning | BF2: 161563 | BG2: Netstar | BH2: Done | BJ2: farzana.akter2@genex.com.bd
A3: 171033 | C3: MahbubaAkterPrema | D3: Mahbuba Akter Prema | E3: Female | F3: 1410954595 | G3: CSO | H3: Content Moderator | I3: Operations | J3: English Customer Service Audio Transcription | K3: TEMU | L3: Fixed | M3: Nazimuddoula Leon | N3: Asif Iqbal | O3: Ashraful Haq | P3: 3 | Q3: 45037 | R3: 45044 | W3: mahhubaprema824@gmail.com | X3: 1954838818 | Z3: Mohammad Ali | AA3: 1913177862 | AB3: Father | AC3: AB+ | AD3: 36632 | AE3: =((TODAY())-AD3)/365 -> 24.835616 | AF3: Islam | AG3: 7364948062 | AH3: AE9139958 | AI3: H.S.C | AJ3: Honour's Running | AK3: 2025 | AL3: Uttara Town College | AM3: Mohammad Ali | AN3: Masuda Begum | AO3: Area : 2210/1 Shahertek,Mazar Road,Thana : Uttarkhan,Dist : Dhaka-1230 | AP3: Area : 2210/1 Shahertek,Mazar Road,Thana : Uttarkhan,Dist : Dhaka-1230 | AQ3: Uttarkhan | AR3: Unmarried | BA3: Active | BB3: 10800 | BC3: 2700 | BD3: 0 | BE3: Morning | BF3: 160673 | BG3: Netstar | BH3: Done | BJ3: mahbuba.prema@genex.com.bd
A4: 171036 | C4: mmaigenex041 | D4: Md. Rakibul Hasan | E4: Male | F4: 1410849604 | G4: CSO | H4: Content Moderator | I4: Operations | J4: Content Moderation and Data Annotation | K4: TEMU | L4: Fixed | M4: Mizanur Rahman | N4: Asif Iqbal | O4: Ashraful Haq | P4: 3 | Q4: 45033 | R4: 45040 | W4: mdrakibulhasan141084@gmail.com | X4: 1762033779 | Z4: Sonia Akther | AA4: 1705307521 | AB4: Sister | AC4: A+ | AD4: 37111 | AE4: =((TODAY())-AD4)/365 -> 23.523288 | AF4: Islam | AG4: 8713943432 | AH4: N/A | AI4: H.S.C | AJ4: BBA Running | AK4: 2027 | AL4: Dhaka International University (DIU) | AM4: Md. Abul Hosen | AN4: Razia Begum | AO4: Area: House no :312 , block:03 , Ershad nagar thana: Tongi , Dist : Gazipur | AP4: Vill: Motoin , Thana:Senbhag Dist : Dhaka | AQ4: Tongi | AR4: Unmarried | BA4: Active | BB4: 10800 | BC4: 2700 | BD4: 0 | BE4: Morning | BF4: 160230 | BG4: Netstar | BH4: Done | BJ4: rakibul.hasan@genex.com.bd
A5: 171046 | C5: mmaigenex001 | D5: Abu Huraira | E5: Male | F5: 1410873646 | G5: CSO | H5: Content Moderator | I5: Operations | J5: Content Moderation and Data Annotation | K5: TEMU | L5: Fixed | M5: Halima akter | N5: Asif Iqbal | O5: Ashraful Haq | P5: 3 | Q5: 45033 | R5: 45040 | W5: huru5887@gmail.com | X5: 1991760252 | Z5: Nazma Begum | AA5: 1941684125 | AB5: Mother | AC5: B+ | AD5: 37552 | AE5: =((TODAY())-AD5)/365 -> 22.315068 | AF5: Islam | AG5: 1514915337 | AH5: N/A | AI5: H.S.C | AJ5: BBA Running | AK5: 2024 | AL5: Kanchkura University College | AM5: Abu Bakkar Siddik | AN5: Nazma Begum | AO5: Area : 47 No word, Counsellor office, Faidabad,Thana : Dhakshinkhan, Dist : Dhaka-1230 | AP5: Vill : Dhanghura, Thana: Kolarua, Dist : Satkhira | AQ5: Dhakshinkhan | AR5: Unmarried | BA5: Active | BB5: 10800 | BC5: 2700 | BD5: 0 | BE5: Morning | BF5: 161096 | BG5: Netstar | BH5: Done | BJ5: abu.huraira@genex.com.bd
A6: 171061 | C6: mmaigenex021 | D6: Rakiba Akter | E6: Female | F6: 1310512668 | G6: CSO | H6: Content Moderator | I6: Operations | J6: Content Moderation and Data Annotation | K6: TEMU | L6: Fixed | M6: Nazimuddoula Leon | N6: Asif Iqbal | O6: Ashraful Haq | P6: 3 | Q6: 45033 | R6: 45064 | W6: evaemi67@gmail.com | X6: 1874098722 | Y6: 1936508476 | Z6: Gazi Emdadul | AA6: 1725943061 | AB6: Cousin | AC6: B+ | AD6: 36794 | AE6: =((TODAY())-AD6)/365 -> 24.391781 | AF6: Islam | AG6: 3764469205 | AH6: N/A | AI6: H.S.C | AJ6: BSc Running | AK6: 2024 | AL6: Hazi Asmat College | AM6: Shafiullah Khan | AN6: Lacky Begum | AO6: Area : House 1,Road10,Nikunjo 2, Thana: khilkhet,Dist : Dhaka | AP6: Vill: Tekpara , Thana : Belabo, Dist : Narsingdi | AQ6: khilkhet | AR6: Unmarried | BA6: Active | BB6: 10800 | BC6: 2700 | BD6: 0 | BE6: Morning | BF6: 161316 | BG6: Netstar | BH6: Done | BJ6: rikiba.akter@genex.com.bd
A7: 171070 | C7: Genex010 | D7: MD. Ashraf Uddin | E7: Male | F7: 1115216787 | G7: CSO | H7: Content Moderator | I7: Operations | J7: BG Platform Governance Requirements | K7: TEMU | L7: Fixed | M7: Nasir Uddin | N7: Asif Iqbal | O7: Ashraful Haq | P7: 8 | Q7: 45077 | R7: 45093 | W7: asrminhaz@gmail.com | X7: 1580817238 | Z7: MD. Bahauddin Talukder | AA7: 1771487331 | AB7: Father | AC7: O+ | AD7: 36050 | AE7: =((TODAY())-AD7)/365 -> 26.430137 | AF7: Islam | AG7: 7802264635 | AH7: EA0164041 | AI7: B.S.C | AJ7: N/A | AK7: N/A | AL7: Primeasia University | AM7: MD. Bahauddin Talukder | AN7: Ayesha Parvin Chowdhury | AO7: Area : Kuba Mosjid Road,Mohammadpur ,Thana : Bosila Dist : Dhaka | AP7: HOUSE: Bahauddin Talukder house,helipad road,Daulat Khan 8310, Thana: Daulat khan , Dist : Bhola | AQ7: Bosila | AR7: Unmarried | BA7: Active | BB7: 10800 | BC7: 2700 | BD7: 1000 | BE7: Evening | BF7: - | BG7: - | BH7: Done | BJ7: N/A
A8: 171079 | C8: Genex021 | D8: Md. Ismail Hossain | E8: Male | F8: 1010997028 | G8: CSO | H8: Content Moderator | I8: Operations | J8: BG Platform Governance Requirements | K8: TEMU | L8: Fixed | M8: Abu MD. Rifat Imtiaz | N8: Asif Iqbal | O8: Ashraful Haq | P8: 8 | Q8: 45077 | R8: 45090 | W8: mdismailsiraji18@gmail.com | X8: 1823686283 | Y8: 1838419319 | Z8: MD Mowazzem Hossain | AA8: 1904450040 | AB8: Father | AC8: O+ | AD8: 35942 | AE8: =((TODAY())-AD8)/365 -> 26.726027 | AF8: Islam | AG8: 3305207247 | AH8: N/A | AI8: B.S.C | AJ8: N/A | AK8: N/A | AL8: Primeasia University | AM8: Md Mowazzem Hossain | AN8: Mst Honufa Begum | AO8: Area : Road:05, House No:142 Korail T & T Colony Banani Dhaka 1213 , Thana : Banani Dist : Dhaka | AP8: VILL : Chakshahabdi , Thana : Sherpur , Dist : Sherpur | AQ8: Banani | AR8: Married | AS8: Mst Sanjida Akter Lima | AT8: 37814 | BA8: Active | BB8: 10800 | BC8: 2700 | BD8: 1000 | BE8: Evening | BF8: - | BG8: - | BH8: Done | BJ8: N/A
A9: 171080 | C9: Genex022 | D9: Shah Mohammad Yasin | E9: Male | F9: 409458 | G9: CSO | H9: Content Moderator | I9: Operations | J9: BG Platform Governance Requirements | K9: TEMU | L9: Fixed | M9: Mohammad Joshim | N9: Asif Iqbal | O9: Ashraful Haq | P9: 8 | Q9: 45077 | R9: 45093 | W9: Smyasin01@gmail.com | X9: 1533970670 | Y9: 1838801744 | Z9: Isran Jahan Ripa | AA9: 1737029346 | AB9: Wife | AC9: AB+ | AD9: 34860 | AE9: =((TODAY())-AD9)/365 -> 29.690411 | AF9: Islam | AG9: 3278966514 | AH9: N/A | AI9: B.B.A | AJ9: N/A | AK9: N/A | AL9: Daffodil International University | AM9: Shah Mohammad Almas | AN9: Hazera Begum | AO9: Area : H-16,R-15,Nikunjo-2,Thana : khilkhet ,Dist : Dhaka | AP9: Vill: lakherraj kosba Thana : Gournodi , Dist : Barishal. | AQ9: Khilkhet | AR9: Married | AS9: Israt Jahan Ripa | AT9: 36974 | BA9: Active | BB9: 10800 | BC9: 2700 | BD9: 1000 | BE9: Evening | BF9: - | BG9: - | BH9: Done | BJ9: N/A
A10: 171083 | C10: Genex025 | D10: Md. Shamim Hossain | E10: Male | F10: 983930 | G10: CSO | H10: Content Moderator | I10: Operations | J10: BG Platform Governance Requirements | K10: TEMU | L10: Fixed | M10: Rakib Ahsan | N10: Asif Iqbal | O10: Ashraful Haq | P10: 8 | Q10: 45077 | R10: 45090 | W10: Shamimhossain2328@gmai.com | X10: 1918182328 | Y10: 1677266500 | Z10: Shahana begum | AA10: 1772074726 | AB10: Mother | AC10: O+ | AD10: 34611 | AE10: =((TODAY())-AD10)/365 -> 30.372603 | AF10: Islam | AG10: 1.9943923e+16 | AH10: N/A | AI10: B.B.A | AJ10: N/A | AK10: N/A | AL10: National university | AM10: Md Abdullah | AN10: Shahana | AO10: Area : House 7, Road 10, Block C. Banarsrce, Thana : Rampura,Dist : Dhaka | AP10: Vill : South Doriabad,Thana: islampur, Dist : Jamalpur | AQ10: Rampura | AR10: Unmarried | BA10: Active | BB10: 10800 | BC10: 2700 | BD10: 1000 | BE10: Evening | BF10: - | BG10: - | BH10: Done | BJ10: N/A
A11: 171084 | C11: Genex026 | D11: Gulzer Hossain | E11: Male | F11: 444434 | G11: CSO | H11: Content Moderator | I11: Operations | J11: BG Platform Governance Requirements | K11: TEMU | L11: Fixed | M11: Mohammad Joshim | N11: Asif Iqbal | O11: Ashraful Haq | P11: 8 | Q11: 45077 | R11: 45090 | W11: gulzer853@gmail.com | X11: 1763369092 | Y11: 1942908139 | Z11: Gulshan Ara | AA11: 1674937436 | AB11: Mother | AC11: A+ | AD11: 35005 | AE11: =((TODAY())-AD11)/365 -> 29.293151 | AF11: Islam | AG11: 3269692459 | AH11: N/A | AI11: M.S.S | AJ11: N/A | AK11: N/A | AL11: National University | AM11: Aliul Hossain | AN11: Gulshan Ara | AO11: Vill: Darirampur, Poura word no: 9, Post office: Trishal, District: Mymensingh. | AP11: Vill: Darirampur, Poura word no: 9, Post office: Trishal, District: Mymensingh. | AQ11: Darirampur, Mymensingh. | AR11: Unmarried | BA11: Active | BB11: 10800 | BC11: 2700 | BD11: 1000 | BE11: Evening | BF11: - | BG11: - | BH11: Done | BJ11: N/A
A12: 171088 | D12: Md. Ataur Rahman | E12: Male | F12: 753417 | G12: CSO | H12: Content Moderator | I12: Operations | J12: Identification of the same product | K12: TEMU | L12: Fixed | M12: Halima akter | N12: Asif Iqbal | O12: Ashraful Haq | P12: 10 | Q12: 45110 | R12: 45113 | W12: eco.ataur@gmail.com | X12: 1575014017 | Y12: 1642428374 | Z12: Mst Jayeda Begum | AA12: 1724227590 | AB12: Sister | AC12: O+ | AD12: 35642 | AE12: =((TODAY())-AD12)/365 -> 27.547945 | AF12: Islam | AG12: 1951661667 | AH12: N/A | AI12: BSS | AJ12: N/A | AK12: N/A | AL12: Govt Titumir College | AM12: Abdul Khalek Hawlader | AN12: Hasina Begum | AO12: House- Kha-110/1; South Badda; Badda; Dhaka. | AP12: Vill: Gopkhali; Post: South Chandokhali; PS: Patuakhali; Dist: Patuakhali. | AQ12: Badda | AR12: Unmarried | BA12: Active | BB12: 10800 | BC12: 2700 | BD12: 0 | BE12: Morning | BF12: - | BG12: - | BH12: Done | BJ12: N/A
A13: 171101 | D13: Mohammad Joshim | E13: Male | F13: 665061 | G13: Executive | H13: Team Leader | I13: Operations | J13: Identification of the same product | K13: TEMU | L13: Fixed | M13: Rakib Ahsan | N13: Asif Iqbal | O13: Ashraful Haq | P13: 10 | Q13: 45110 | R13: 45113 | S13: 45367 | W13: mohammadjashim171@gmail.com | X13: 1909686492 | Y13: 1909686497 | Z13: Kajol Begum | AA13: 1734836888 | AB13: Mother | AC13: AB+ | AD13: 34996 | AE13: =((TODAY())-AD13)/365 -> 29.317808 | AF13: Islam | AG13: 2356972600 | AH13: N/A | AI13: B.A. | AJ13: N/A | AK13: N/A | AL13: Government Titumir college | AM13: Mohammad Shohidul Islam | AN13: Kajol Begum | AO13: House- 555, East Badda, Dhaka-1212 | AP13: Village: ayla, dis+po: Munshiganj Sadar | AQ13: Badda | AR13: Unmarried | BA13: Active | BB13: 14500 | BC13: 3500 | BD13: 2000 | BE13: Evening | BF13: - | BG13: - | BH13: Done | BJ13: m.joshim@genex.com.bd
A14: 171113 | C14: mmaigenex047 | D14: Rakibul Alam | E14: Male | F14: 941507 | G14: CSO | H14: Content Moderator | I14: Operations | J14: Natural Language Process | K14: TEMU | L14: Fixed | M14: Mizanur Rahman | N14: Asif iqbal | O14: Ashraful Haq | P14: 11 | Q14: 45116 | R14: 45124 | W14: rakibkhan9020@gmail.com | X14: 1819492684 | Y14: 1684640110 | Z14: Jabun Nesa Begum | AA14: 1684640110 | AB14: Mother | AC14: O+ | AD14: 35784 | AE14: =((TODAY())-AD14)/365 -> 27.158904 | AF14: Islam | AG14: 2402200170 | AH14: N/A | AI14: M.B.A | AJ14: N/A | AK14: NA | AL14: Dhaka College (Dhaka University) | AM14: Abul Kashem Mahamud Alam | AN14: Jabun Nesa Begum | AO14: Area :House- A,68/9,East Rajason ,Birulia Road, Thana: Savar Dist :Dhaka | AP14: House- A,68/9,East Rajason ,Birulia Road, Savar,Dhaka | AQ14: Savar | AR14: Unmarried | BA14: Active | BB14: 10800 | BC14: 2700 | BD14: 0 | BE14: Morning | BF14: - | BG14: - | BH14: Done | BJ14: N/A
A15: 171116 | C15: xushiyu5op | D15: Md. Zahidul Islam | E15: Male | F15: 869701 | G15: CSO | H15: Content Moderator | I15: Operations | J15: Identification of the same product | K15: TEMU | L15: Fixed | M15: Mizanur Rahman | N15: Asif iqbal | O15: Ashraful Haq | P15: 11 | Q15: 45116 | R15: 45121 | W15: sszahidulislam61@gmail.com | X15: 1944875561 | Y15: 1689-091587 | Z15: Brother | AA15: 1689-091587 | AB15: Brother | AC15: O+ | AD15: 35289 | AE15: =((TODAY())-AD15)/365 -> 28.515068 | AF15: Islam | AG15: 8711787646 | AH15: N/A | AI15: BA | AJ15: MA | AK15: 2023 | AL15: Tongi govt.college | AM15: Amzad hossain | AN15: Halima begum | AO15: Vill : Daudpur, Thana: rupganj, Dist : Narayanganj | AP15: Vill : Daudpur, Thana: rupganj, Dist : Narayanganj | AQ15: Rupganj | AR15: Single | BA15: Active | BB15: 10800 | BC15: 2700 | BD15: 0 | BE15: Morning | BF15: - | BG15: - | BH15: Done | BJ15: N/A
A16: 171117 | C16: zhulan5op | D16: Md. Shazib Miah | E16: Male | F16: 869625 | G16: CSO | H16: Content Moderator | I16: Operations | J16: Identification of the same product | K16: TEMU | L16: Fixed | M16: Nazimuddoula Leon | N16: Asif iqbal | O16: Ashraful Haq | P16: 11 | Q16: 45116 | R16: 45121 | W16: ahnedsajib@gmail.com | X16: 1627393180 | Y16: 1922920547 | Z16: Rafiqul Islam | AA16: 1641845257 | AB16: Brother | AC16: A+ | AD16: 35407 | AE16: =((TODAY())-AD16)/365 -> 28.191781 | AF16: Islam | AG16: 8685695705 | AH16: N/A | AI16: MBA | AJ16: N/A | AK16: N/A | AL16: AKM Rhamutullah University & Collage | AM16: Ahammad Ali | AN16: Mamotaj | AO16: Vill : Beldi; Thana: Rupganj; Dist : Narayanganj | AP16: Vill : Beldi; Thana: Rupganj; Dist : Narayanganj | AQ16: Rupganj | AR16: Single | BA16: Active | BB16: 10800 | BC16: 2700 | BD16: 0 | BE16: Morning | BF16: - | BG16: - | BH16: Done | BJ16: N/A
A17: 171135 | C17: Genex032 | D17: Md. Tanjir Ahmed | E17: Male | F17: 1310589431 | G17: Executive | H17: Team Leader | I17: Operations | J17: BG Platform Governance Requirements | K17: TEMU | L17: Fixed | M17: Asif Iqbal | O17: Ashraful Haq | P17: 13 | Q17: 45154 | R17: 45163 | S17: 45459 | V17: 1847270310 | W17: tanjirahmed.uibt@gmail.com | X17: 1628439640 | Y17: 1327275514 | Z17: Rokshana Islam | AA17: 1818371637 | AB17: Aunty | AC17: A+ | AD17: 36755 | AE17: =((TODAY())-AD17)/365 -> 24.49863 | AF17: Islam | AG17: 871495 9916 | AH17: EE 0135811 | AI17: HSC | AJ17: CSE | AK17: 2023 | AL17: Uttara Institute of Business & Technology | AM17: Md Johirul Islam | AN17: Tahmina Begum | AO17: , House: 33, Road: 11, Sector: 12, Uttara, Dhaka-1230 | AP17: Vill: Rasulpur, PO: Payali, PS: Matlab South, Dist: Chandpur | AQ17: Uttara | AR17: Single | BA17: Active | BB17: 14500 | BC17: 3500 | BD17: 2000 | BE17: Evening | BF17: 160350 | BG17: Netstar | BH17: Done | BJ17: tanjir.ahmed@genex.com.bd
A18: 171160 | D18: Abdulla Al Mamun | E18: Male | F18: 666193 | G18: Executive | H18: Team Leader | I18: Operations | J18: Identification of the same product | K18: TEMU | L18: Fixed | M18: Asif Iqbal | N18: Asif Iqbal | O18: Ashraful Haq | P18: 16 | Q18: 45206 | R18: 45215 | W18: abdullah.mamunch@gmail.com | X18: 1714517836 | Y18: 1867547635 | Z18: Kuntum Khaira | AA18: 1731819698 | AB18: Wife | AC18: A+ | AD18: 35226 | AE18: =((TODAY())-AD18)/365 -> 28.687671 | AF18: Islam | AG18: 1003812771 | AH18: N/A | AI18: BSC | AJ18: N/A | AK18: 2020 | AL18: American International University-Bangladesh | AM18: MD.Nuruzzaman | AN18: MST. Rozina Parvin | AO18: House-KA/24-2, Road- Bazar Road, Khilkhet, Dhaka, 1229 | AP18: Choto Shalika, Notun Bazar, Chatmohor, 6630, Pabna | AQ18: khilkhet | AR18: Married | AS18: Kuntum Khaira | BA18: Active | BB18: 14500 | BC18: 3500 | BD18: 0 | BE18: Morning | BH18: Done
A19: 171161 | D19: Kuntum Khaira | E19: Female | F19: 1112805345 | G19: CSO | H19: Content Moderator | I19: Operations | J19: Home 2 | K19: TEMU | L19: Fixed | M19: Halima akter | N19: Asif Iqbal | O19: Ashraful Haq | P19: 16 | Q19: 45206 | R19: 45211 | W19: kn2mkhr@gmail.com | X19: 1731819698 | Y19: 1521705675 | Z19: Abdulla Al Mamun | AA19: 1714517836 | AB19: Husband | AC19: O+ | AD19: 36083 | AE19: =((TODAY())-AD19)/365 -> 26.339726 | AF19: Islam | AG19: 8254540548 | AH19: N/A | AI19: BSC | AJ19: M.Sc. | AK19: 2023 | AL19: Govt. College of Applied Human Science | AM19: MD. Asraful Alam | AN19: MST. Sultana Jannatul Ferdose | AO19: House - Ka-24/2, Khilkhet Bazar Road, Khilkhet,Dhaka 1223 | AP19: House-168, Road- Kazipara. Chatmohar-6630,Chatmohar,Pabna | AQ19: Khilkhet | AR19: Married | AS19: Abdulla Al Mamun | BA19: Active | BB19: 10800 | BC19: 2700 | BD19: 0 | BE19: Morning | BH19: Done
A20: 171163 | C20: zhulan13op | D20: Md. Saydur Rahman | E20: Male | F20: 397830 | G20: CSO | H20: Content Moderator | I20: Operations | J20: Beauty & accessory | K20: TEMU | L20: Fixed | M20: Nazmus Sakib | N20: Asif Iqbal | O20: Ashraful Haq | P20: 16 | Q20: 45207 | R20: 45211 | W20: mdsayedurrahman587@gmail.com | X20: 1736204330 | Y20: 1934816042 | Z20: Sabrina Aktar | AA20: 1934816042 | AB20: Niece | AC20: B+ | AD20: 34315 | AE20: =((TODAY())-AD20)/365 -> 31.183562 | AF20: Islam | AG20: 9561555658 | AH20: N/A | AI20: Masters | AJ20: N/A | AK20: 2023 | AL20: Govt. Bangla College | AM20: Mohammad Solaiman | AN20: Hasina Begum | AO20: Nikunja 2, House 18, road 1/B | AP20: Village : Folshi, PO: Nizamkandi, Thana: Kashiyani, District : Gopalgonj | AQ20: Nikunja 2 | AR20: Unmarried | BA20: Active | BB20: 10800 | BC20: 2700 | BD20: 0 | BE20: Morning | BH20: Done
A21: 171168 | D21: Alya Tunjum Momo | E21: Female | F21: 1010895851 | G21: CSO | H21: Content Moderator | I21: Operations | J21: Home 1 | K21: TEMU | L21: Fixed | M21: Halima akter | N21: Asif Iqbal | O21: Ashraful Haq | P21: 16 | Q21: 45206 | R21: 45211 | W21: alyamomo96@gmail.com | X21: 1626817339 | Z21: Jahanara | AA21: 1951741116 | AB21: Mother | AC21: B+ | AD21: 35373 | AE21: =((TODAY())-AD21)/365 -> 28.284932 | AF21: Islam | AG21: 6452970400 | AH21: N/A | AI21: BBA | AJ21: N/A | AK21: 2019 | AL21: Uttara university | AM21: Late Mishba Uddin | AN21: Jahanara Begum | AO21: House -8,Bonomala, Tongi college gat, Tongi, Gazipur -1712 | AP21: Bonomala,Dottopara,post-1712, Gazipur sodor, Gazipur city corporation, Gazipur | AQ21: Tongi | AR21: Single | BA21: Active | BB21: 10800 | BC21: 2700 | BD21: 0 | BE21: Morning | BH21: Done
A22: 171170 | C22: zhulan7op | D22: Sumsun Naher Shimu | E22: Female | F22: 1110152653 | G22: CSO | H22: Content Moderator | I22: Operations | J22: Beauty & accessory | K22: TEMU | L22: Fixed | M22: Nazimuddoula Leon | N22: Asif Iqbal | O22: Ashraful Haq | P22: 16 | Q22: 45206 | R22: 45211 | W22: shumsunnaher24@gmail.com | X22: 1853069639 | Y22: 1872366337 | Z22: Father | AA22: 1816111194 | AB22: Father | AC22: O+ | AD22: 35533 | AE22: =((TODAY())-AD22)/365 -> 27.846575 | AF22: Islam | AG22: 6451816927 | AH22: N/A | AI22: Honour's | AJ22: Master’s | AK22: 2020 | AL22: Uttara Town College | AM22: MD.Sirajul Islam | AN22: Selina Akter | AO22: House:F5/1,kawlar CAAB staff quarters, Kurmitola Dhaka -1229 | AP22: Vill:Mollapara mahutola,Thanarhat joyag,Sonaimuri, Noakhali. | AQ22: Kawlar | AR22: Unmarried | BA22: Active | BB22: 10800 | BC22: 2700 | BD22: 0 | BE22: Morning | BH22: Done
A23: 171173 | C23: naihe12op | D23: Pial Ahmed | E23: Male | F23: 1310262823 | G23: CSO | H23: Content Moderator | I23: Operations | J23: Sports & shoes & bags & special women clothing | K23: TEMU | L23: Fixed | M23: Md Mehedi Hasan | N23: Asif Iqbal | O23: Ashraful Haq | P23: 16 | Q23: 45206 | R23: 45211 | W23: pial.ahmed512@gmail.com | X23: 1618393569 | Z23: yasin shah | AA23: 1838801744 | AB23: Brother | AC23: O+ | AD23: 36031 | AE23: =((TODAY())-AD23)/365 -> 26.482192 | AF23: Islam | AG23: 19980719485028800 | AH23: N/A | AI23: Honours | AJ23: N/A | AK23: 2022 | AL23: Government titumir college | AM23: Mahfuzur Rahman | AN23: Khadiza Akter | AO23: H#08, R#19, Nikunjo-2 Khilkhet | AP23: Atahargonj, Barishal Sadar Barishal | AQ23: Nikunjo | AR23: Unmarried | BA23: Active | BB23: 10800 | BC23: 2700 | BD23: 0 | BE23: Morning | BH23: Done
A24: 171181 | C24: xisailuo14op | D24: Tithi Rani Kundu | E24: FEMALE | F24: 701608 | G24: CSO | H24: Content Moderator | I24: Operations | J24: Home 1 | K24: TEMU | L24: Fixed | M24: Halima akter | N24: Asif Iqbal | O24: Ashraful Haq | P24: 16 | Q24: 45207 | R24: 45211 | W24: tithikundu2023@gmail.com | X24: 1752483561 | Y24: 1713742583 | Z24: KRISNA KUMAR KUNDU | AA24: 1713742583 | AB24: FATHER | AC24: B+ | AD24: 34405 | AE24: =((TODAY())-AD24)/365 -> 30.936986 | AF24: Hindu | AG24: 1.9947618e+16 | AH24: N/A | AI24: POST GRADUATION | AJ24: N/A | AK24: 2016 | AL24: GOVT. EDWARD COLLEGE,PABNA | AM24: KRISNA KUMAR KUNDU | AN24: ITI RANI KUNDU | AO24: HOUSE:138/KHA,JAMTALA,TANPARA,KHILKHET,NIKUNJA-2,DHAKA-1229 | AP24: VILLAGE:SAGARKANDI,POST:SAGARKANDI,POST CODE:6661,UPAZILLA:SUJA NAGAR,DISTRICT:PABNA | AQ24: KHILKHET | AR24: MARRIED | AS24: SREE ROMENDRONATH | BA24: Active | BB24: 10800 | BC24: 2700 | BD24: 0 | BE24: Morning | BH24: Done
A25: 171182 | D25: Aminul Islam Sovo | E25: Male | F25: 1210692310 | G25: Executive | H25: Team Leader | I25: Operations | J25: Identification of the same product | K25: TEMU | L25: Fixed | M25: Asif Iqbal | N25: Asif Iqbal | O25: Ashraful Haq | P25: 16 | Q25: 45207 | R25: 45211 | W25: shuvoahmed4466@gmail.com | X25: 1732784466 | Y25: 1964547614 | Z25: Monowar Hossain | AA25: 1575500082 | AB25: Brother | AC25: O+ | AD25: 36160 | AE25: =((TODAY())-AD25)/365 -> 26.128767 | AF25: Islam | AG25: 8708000057 | AH25: N/A | AI25: BSC | AJ25: N/A | AK25: 2023 | AL25: Stamford University Bangladesh | AM25: Md. Afjal Hossen | AN25: Majeda Begum | AO25: House: 30/2 , kadamtala school road, Basabo, Dhaka-1214 | AP25: House: Madber bari, Vill: Madber kandi, Post: Balarhat(8030) Ps: Shakhipur, Dist: Shariatpur | AQ25: Basabo | AR25: Unmarried | BA25: Active | BB25: 14500 | BC25: 3500 | BD25: 0 | BE25: Morning | BH25: Done
A26: 171186 | C26: xisailuo8op | D26: MD. Masum Billah | E26: Male | F26: 1013134916 | G26: CSO | H26: Content Moderator | I26: Operations | J26: Home 2 | K26: TEMU | L26: Fixed | M26: Halima akter | N26: Asif Iqbal | O26: Ashraful Haq | P26: 16 | Q26: 45208 | R26: 45211 | W26: masum01771744@gmail.com | X26: 1771744281 | Y26: 1910826006 | Z26: Saddam Hossain | AA26: 1787440266 | AB26: Friend | AC26: B+ | AD26: 35432 | AE26: =((TODAY())-AD26)/365 -> 28.123288 | AF26: Islam | AG26: 8706441071 | AH26: N/A | AI26: MA | AJ26: N/A | AK26: 2020 | AL26: Govt. Rajendra college | AM26: Mir Shalauddin | AN26: Mst.Shahanara Begum | AO26: Nikunja-2,Road No-05,House No-kha-50,Khilkhet, Dhaka-1229. | AP26: Jibannagar, Chuadanga | AQ26: Khilkhet | AR26: Unmarried | BA26: Active | BB26: 10800 | BC26: 2700 | BD26: 0 | BE26: Morning | BH26: Done
A27: 171189 | C27: heibulin14op | D27: Sharmin Jahan | E27: Female | F27: 944413 | G27: CSO | H27: Content Moderator | I27: Operations | J27: Home 2 | K27: TEMU | L27: Fixed | M27: Mizanur Rahman | N27: Asif Iqbal | O27: Ashraful Haq | P27: 16 | Q27: 45208 | R27: 45211 | W27: msrdiya60@gmail.com | X27: 1999223191 | Z27: Taslima begum | AA27: 1402517624 | AB27: Aunty | AC27: A+ | AD27: 35718 | AE27: =((TODAY())-AD27)/365 -> 27.339726 | AF27: Islam | AG27: 2853835862 | AH27: N/A | AI27: BBA | AJ27: N/A | AK27: 2018 | AL27: Gvt.gurudayal college, kishoreganj | AM27: MD. Sahidullah | AN27: MST. Zarana | AO27: House:19, Road:08, Nikunja-02, Dhaka-1229 | AP27: Vill:Kuttragor, po:chorpumdi, Ps:kishoreganj, Dis:Kishoreganj | AQ27: Nikunja-02 | AR27: Unmarried | BA27: Active | BB27: 10800 | BC27: 2700 | BD27: 0 | BE27: Morning | BH27: Done
A28: 171191 | C28: xisailuo7op | D28: Shahanaz Akter Brishty | E28: Female | F28: 1111472238 | G28: CSO | H28: Content Moderator | I28: Operations | J28: Home 1 | K28: TEMU | L28: Fixed | M28: Halima akter | N28: Asif Iqbal | O28: Ashraful Haq | P28: 16 | Q28: 45208 | R28: 45211 | W28: Odhorabristi178@gmail.com | X28: 1728198067 | Z28: Sadia Afrin Prithibi | AA28: 1810845234 | AB28: Sister | AC28: B+ | AD28: 36390 | AE28: =((TODAY())-AD28)/365 -> 25.49863 | AF28: Islam | AG28: 7365611347 | AH28: N/A | AI28: Honours | AJ28: N/A | AK28: 2020 | AL28: Chinair Bangabandhu Sheikh Mujib Degree College | AM28: Shahin Bhuiyan | AN28: Nazma Begum | AO28: H#11,R#10,Sector#9, Uttara, Dhaka | AP28: H#1241,kawtoly, Brahmanbaria | AQ28: Uttara | AR28: Unmarried | BA28: Active | BB28: 10800 | BC28: 2700 | BD28: 0 | BE28: Morning | BH28: Done
A29: 171192 | D29: Nasrin Akter | E29: Female | F29: 1110583805 | G29: CSO | H29: Content Moderator | I29: Operations | J29: Product's Review for Risk Control | K29: TEMU | L29: Fixed | M29: Halima akter | N29: Asif Iqbal | O29: Ashraful Haq | P29: 17 | Q29: 45224 | R29: 45235 | W29: nrupa2973@gmail.com | X29: 1629133146 | Z29: Abdullah Al Mamun | AA29: 1682823507 | AB29: Spouse | AC29: B+ | AD29: 36130 | AE29: =((TODAY())-AD29)/365 -> 26.210959 | AF29: Islam | AG29: 6454397537 | AH29: A07811108 | AI29: BBA | AJ29: N/A | AL29: International University of Business Agriculture and Technology | AM29: Md. Abul Kashem | AN29: Mrs. Asma Akter | AO29: House- 104 West Mollartek Dhakkhinkhan Dhaka- | AP29: House-113, Road- Hazi unos ali sarker road, uttar arichpur, PO-1710 Gazipur | AQ29: Dhakkhinkhan | AR29: Married | AS29: Abdullah Al Mamun | AT29: 34670 | AU29: N/A | AV29: N/A | BA29: Active | BB29: 10800 | BC29: 2700 | BD29: 0 | BE29: Morning | BH29: Done
A30: 171195 | D30: Flora Tanbin | E30: Female | F30: 1115244614 | G30: CSO | H30: Content Moderator | I30: Operations | J30: Home 1 | K30: TEMU | L30: Fixed | M30: Mizanur Rahman | N30: Asif Iqbal | O30: Ashraful Haq | P30: 17 | Q30: 45225 | R30: 45235 | W30: Floratanbin@gmail.com | X30: 1823369317 | Y30: 1631128694 | Z30: Husband | AA30: 1881338680 | AB30: Good | AC30: B+ | AD30: 36502 | AE30: =((TODAY())-AD30)/365 -> 25.191781 | AF30: Islam | AG30: 4654159088 | AH30: N/A | AI30: Graduated | AJ30: Post graduated | AK30: 2020 | AL30: Eden mohila College | AM30: Abul kalam mia | AN30: Selina Begum | AO30: Azimpur, Dhaka | AP30: Gournodi upazila,village -katakstall,district -Barisal. | AQ30: Azimpur | AR30: Married | AS30: Yesin arafat asif | AT30: 35952 | AU30: N/A | AV30: N/A | BA30: Active | BB30: 10800 | BC30: 2700 | BD30: 0 | BE30: Morning | BH30: Done
A31: 171196 | D31: Mukti Afroz | E31: Female | F31: 221315 | G31: CSO | H31: Content Moderator | I31: Operations | J31: Beauty & accessory | K31: TEMU | L31: Fixed | M31: Nazimuddoula Leon | N31: Asif Iqbal | O31: Ashraful Haq | P31: 17 | Q31: 45224 | R31: 45235 | W31: afroj.sohag26@gmail.com | X31: 1306777070 | Y31: 1782618205 | Z31: Md:Abu Jahid | AA31: 1782618205 | AB31: SPOUSE | AC31: O+ | AD31: 34039 | AE31: =((TODAY())-AD31)/365 -> 31.939726 | AF31: Islam | AG31: 6464967550 | AH31: N/A | AI31: MA | AJ31: N/A | AK31: 2015 | AL31: Govt: Rajendro College Faridpur | AM31: Md: Abdul Aziz | AN31: Jahanara Begum | AO31: PWD Staff Quarter,Tejgoan,Dhaka. | AP31: Vill:Charjhikori, po:Kacharipara up:pangsha dist:Rajbari | AQ31: Tejgoan | AR31: Married | AS31: Md: Abu Jahid | AU31: N/A | AV31: N/A | BA31: Active | BB31: 10800 | BC31: 2700 | BD31: 0 | BE31: Morning | BH31: Done
A32: 171219 | C32: Genex074 | D32: Mahmudul Hasan | E32: Male | F32: 1210880961 | G32: CSO | H32: Content Moderator | I32: Operations | J32: BG Platform Governance Requirements | K32: TEMU | L32: Fixed | M32: Md. Tanjir Ahmed | N32: Asif Iqbal | O32: Ashraful Haq | P32: 18 | Q32: 45246 | R32: 45265 | W32: mahmudulhasanroniprofessional@gmail.com | X32: 1793931848 | Z32: Nurul Alam | AA32: 1819671474 | AB32: Father | AC32: O+ | AD32: 36474 | AE32: =((TODAY())-AD32)/365 -> 25.268493 | AF32: Islam | AG32: 7804447634 | AH32: N/A | AI32: Honours | AJ32: N/A | AK32: 2022 | AL32: Primeasia University | AM32: Nurul Alam | AN32: Nur Nahar | AO32: Holding no: 117, uttar Datta para ,tongi gazipur | AP32: Holding no:117, Uttar datta para tongi gazipur ,1712 | AQ32: Gazipur | AR32: Unmarried | AS32: N/A | AT32: N/A | AU32: N/A | AV32: N/A | AW32: N/A | AX32: N/A | BA32: Active | BB32: 10800 | BC32: 2700 | BD32: 1000 | BE32: Evening | BH32: Done
A33: 171233 | C33: Genex077 | D33: Shohidullah | E33: Male | F33: 1110225403 | G33: CSO | H33: Content Moderator | I33: Operations | J33: BG Platform Governance Requirements | K33: TEMU | L33: Fixed | M33: Mohammad Joshim | N33: Asif Iqbal | O33: Ashraful Haq | P33: 18 | Q33: 45246 | R33: 45264 | W33: mahmudulhasanroniprofessional@gmail.com | X33: 1521124841 | Z33: Md. Shahidullah | AA33: 1954090450 | AB33: Father | AC33: O+ | AD33: 36028 | AE33: =((TODAY())-AD33)/365 -> 26.490411 | AF33: Islam | AG33: 6454317246 | AH33: N/A | AI33: BSC | AJ33: N/A | AK33: 2020 | AL33: Mohammadpur central University college | AM33: Md. Shahidullah | AN33: Sayeda Begum | AO33: Livestock Research Institute,, Jamuna-206,Mohakhali,Dhaka-1212 | AP33: Vill: Saraspur, Post: Khamer-1730,Thana: Kapasia,Dist: Gazipur | AQ33: Mohakhali | AR33: Unmarried | AS33: N/A | AT33: N/A | AU33: N/A | AV33: N/A | AW33: N/A | AX33: N/A | BA33: Active | BB33: 10800 | BC33: 2700 | BD33: 1000 | BE33: Evening | BH33: Done
A34: 171244 | D34: Sabrina Sultana Mou | E34: Female | F34: 690864/2010 | G34: Executive | H34: Team Leader | I34: Operations | J34: Identification of the same product | K34: TEMU | L34: Fixed | M34: Asif Iqbal | N34: Asif Iqbal | O34: Ashraful Haq | P34: 19 | Q34: 45251 | R34: 45256 | W34: sabrinmou05@gmail.com | X34: 1626675115 | Z34: Abdur rahman | AA34: 1617677799 | AB34: Husband | AC34: B+ | AD34: 35374 | AE34: =((TODAY())-AD34)/365 -> 28.282192 | AF34: Islam | AG34: 19964817957114800 | AH34: N/A | AI34: M.pharm | AJ34: N/A | AK34: 2022 | AL34: State University of Bangladesh | AM34: Abu daud | AN34: Shahanaz Dilroba | AO34: House-25,road-10,area-Bashaboo,ps-1214,dist-Dhaka | AP34: Vill-Tarakandi,ps-Tarakandi,dist-kishoregonj | AQ34: Bashabo | AR34: Married | AS34: Abdur rahman | AT34: 34907 | AU34: N/A | AV34: N/A | AW34: N/A | AX34: N/A | BA34: Active | BB34: 14500 | BC34: 3500 | BD34: 0 | BE34: Morning | BH34: Done
A35: 171251 | C35: Genex079 | D35: Sabbir Ali | E35: Male | F35: N/A | G35: CSO | H35: Content Moderator | I35: Operations | J35: BG Platform Governance Requirements | K35: TEMU | L35: Fixed | M35: Nasir Uddin | N35: Asif Iqbal | O35: Ashraful Haq | P35: 19 | Q35: 45251 | R35: 45268 | W35: shabbir2380@gmail.com | X35: 1318795129 | Z35: MD Ali | AA35: 1768776161 | AB35: Father | AC35: B+ | AD35: 36335 | AE35: =((TODAY())-AD35)/365 -> 25.649315 | AF35: Islam | AG35: 4655222992 | AH35: N/A | AI35: BBA | AJ35: N/A | AK35: 2023 | AL35: Dr Maleka University | AM35: MD Ali | AN35: Shila Begum | AO35: House number: 16/18 Begum Bazar Area: chawkbazar ps:1211 Dist: Dhaka | AP35: Vill:16/18 Begum Bazar ps:1211 dist: Dhaka | AQ35: 16/18 Begum Bazar | AR35: Unmarried | AS35: N/A | AT35: N/A | AU35: N/A | AV35: N/A | AW35: N/A | AX35: N/A | BA35: Active | BB35: 10800 | BC35: 2700 | BD35: 1000 | BE35: Evening | BH35: Done
A36: 171255 | C36: Genex080 | D36: Md. Fahad Alam | E36: Male | F36: 1210979339 | G36: CSO | H36: Content Moderator | I36: Operations | J36: BG Platform Governance Requirements | K36: TEMU | L36: Fixed | M36: Rakib Ahsan | N36: Asif Iqbal | O36: Ashraful Haq | P36: 19 | Q36: 45251 | R36: 45268 | W36: mdfahadalam109@gmail.com | X36: 1310439784 | Z36: Saiful Alam | AA36: 1710885450 | AB36: Father | AC36: A+ | AD36: 36512 | AE36: =((TODAY())-AD36)/365 -> 25.164384 | AF36: Islam | AG36: 6454925576 | AH36: N/A | AI36: BBA | AJ36: N/A | AK36: 2023 | AL36: Sheikh Borhanuddin Post Graduate College | AM36: MD Saiful Alam | AN36: Asma Alam | AO36: 75/1 Chankherpool Lane, Dhaka-1000 | AP36: 75/1 Chankherpool Lane, Dhaka-1000 | AQ36: Chankherpool Lane | AR36: Unmarried | AS36: N/A | AT36: N/A | AU36: N/A | AV36: N/A | AW36: N/A | AX36: N/A | BA36: Active | BB36: 10800 | BC36: 2700 | BD36: 1000 | BE36: Evening | BH36: Done
A37: 171264 | C37: naihe29op | D37: Antoni Chakma | E37: Female | F37: 868338 | G37: CSO | H37: Content Moderator | I37: Operations | J37: Home 2 | K37: TEMU | L37: Fixed | M37: Md Mehedi Hasan | N37: Asif Iqbal | O37: Ashraful Haq | P37: 19 | Q37: 45251 | R37: 45256 | W37: antanichakma6@gmail.com | X37: 1556746243 | Y37: 1763399247 | Z37: Rabi Jyoti Chakma | AA37: 1556770615 | AB37: Father | AC37: A+ | AD37: 33916 | AE37: =((TODAY())-AD37)/365 -> 32.276712 | AF37: Buddhism | AG37: 19924617776000100 | AH37: N/A | AI37: MPS | AJ37: N/A | AK37: 2019 | AL37: University of Dhaka | AM37: Rabi Jyoti Chakma | AN37: Johtsna Chakma | AO37: Area:Shewrapara, House no: 365, Road, Fakhir bari, Annodhabazar | AP37: Vill: Monju Adam, PO:Panchari, PS: Panchari, Dist: Khagrachhari | AQ37: Mirpur | AR37: Unmarried | AS37: N/A | AT37: N/A | AU37: N/A | AV37: N/A | AW37: N/A | AX37: N/A | BA37: Active | BB37: 10800 | BC37: 2700 | BD37: 0 | BE37: Morning | BH37: Done
A38: 171269 | C38: naihe62op | D38: SK Abu Labib | E38: Male | F38: 1413305509 | G38: CSO | H38: Content Moderator | I38: Operations | J38: Sports & shoes & bags & special women clothing | K38: TEMU | L38: Fixed | M38: Md Mehedi Hasan | N38: Asif Iqbal | O38: Ashraful Haq | P38: 20 | Q38: 45256 | R38: 45261 | W38: skabulabib725225@gmail.com | X38: 1732833401 | Y38: 1827271372 | Z38: Sk Abu Mobin | AA38: 1936313761 | AB38: Father | AC38: A+ | AD38: 36625 | AE38: =((TODAY())-AD38)/365 -> 24.854795 | AF38: Islam | AG38: 6460643205 | AH38: N/A | AI38: BSc in EEE | AJ38: N/A | AK38: 2023 | AL38: American International University - Bangladesh | AM38: Sk Abu Mobin | AN38: Mrs Malaka Mobin | AO38: Road-29,House-38,Rupnagor R/A, Mirpur | AP38: Labsha, Satkhira | AQ38: Mirpur | AR38: Unmarried | AS38: N/A | AT38: N/A | AU38: N/A | AV38: N/A | AW38: N/A | AX38: N/A | BA38: Active | BB38: 10800 | BC38: 2700 | BD38: 0 | BE38: Morning | BH38: Done
A39: 171278 | C39: heibulin28op | D39: Sungida Alam | E39: Female | F39: N/A | G39: CSO | H39: Content Moderator | I39: Operations | J39: Home 2 | K39: TEMU | L39: Fixed | M39: Mizanur Rahman | N39: Asif Iqbal | O39: Ashraful Haq | P39: 20 | Q39: 45256 | R39: 45261 | W39: sungidaalam99@gmail.com | X39: 1317118434 | Y39: 1798174131 | Z39: Md. Shohanur Rahman | AA39: 1798174131 | AB39: Husband | AC39: O+ | AD39: 36404 | AE39: =((TODAY())-AD39)/365 -> 25.460274 | AF39: Islam | AG39: 7354237898 | AH39: N/A | AI39: Graduation | AJ39: N/A | AK39: 2023 | AL39: Green University Of Bangladesh | AM39: Md. Nazrul Alam | AN39: Tazbina Akter | AO39: Road - 14, house- 1, Nikunja - 2, khilkhet, Dhaka | AP39: Road- osman khan , area - Alipur , post code - 7800, thana- kotowali, Dis - Faridpur | AQ39: Khilkhet | AR39: Married | AS39: Md. Shohanur Rahman | AT39: 35638 | AU39: N/A | AV39: N/A | AW39: N/A | AX39: N/A | BA39: Active | BB39: 10800 | BC39: 2700 | BD39: 0 | BE39: Morning | BH39: Done
A40: 171286 | C40: heibulin29op | D40: Afroza Khan | E40: Female | F40: 1110586404 | G40: CSO | H40: Content Moderator | I40: Operations | J40: Home 2 | K40: TEMU | L40: Fixed | M40: Mizanur Rahman | N40: Asif Iqbal | O40: Ashraful Haq | P40: 20 | Q40: 45256 | R40: 45261 | W40: afrozakhan4567@gmail.com | X40: 1993494933 | Z40: Ashraful Islam | AA40: 1400523277 | AB40: Husband | AC40: O+ | AD40: 36402 | AE40: =((TODAY())-AD40)/365 -> 25.465753 | AF40: Islam | AG40: 5114875874 | AH40: N/A | AI40: Master’s | AJ40: N/A | AK40: 2021 | AL40: Govt. Titumir College | AM40: Rawshan khan | AN40: Rozi | AO40: Uttarkhan master para holding no 99/3 | AP40: Uttarkhan master para holding no 99/3 | AQ40: Uttar khan | AR40: Married | AS40: Ashraful Islam | AT40: 34860 | AU40: N/A | AV40: N/A | AW40: N/A | AX40: N/A | BA40: Active | BB40: 10800 | BC40: 2700 | BD40: 0 | BE40: Morning | BH40: Done
A41: 171288 | C41: naihe66op | D41: Shamim Ahsan Ishtiaq | E41: Male | F41: 949999 | G41: CSO | H41: Content Moderator | I41: Operations | J41: Sports & shoes & bags & special women clothing | K41: TEMU | L41: Fixed | M41: Md Mehedi Hasan | N41: Asif Iqbal | O41: Ashraful Haq | P41: 20 | Q41: 45256 | R41: 45261 | W41: Nirobsamin20@gmail.com | X41: 1828428803 | Y41: 1918179030 | Z41: Sabina Yesmin Chowdhury | AA41: 1918179030 | AB41: Mother | AC41: A+ | AD41: 35476 | AE41: =((TODAY())-AD41)/365 -> 28.00274 | AF41: Islam | AG41: 8265246986 | AH41: BW0174565 | AI41: BBA | AJ41: MBA | AK41: 2018 | AL41: AIUB | AM41: MD. Ahsanul Hoque | AN41: Sabina Yesmin Chowdhury | AO41: Building No 1, Flat D3, Level 2, Rupayan City Uttara, Uttara, Dhaka. | AP41: Village: Juktoradhakantopur , Post Office: Chotrajitpur , Thana: Shibgonj, District: Chapai Nawabgonj. | AQ41: Uttara | AR41: Unmarried | AS41: N/A | AT41: N/A | AU41: N/A | AV41: N/A | AW41: N/A | AX41: N/A | BA41: Active | BB41: 10800 | BC41: 2700 | BD41: 0 | BE41: Morning | BH41: Done
A42: 171295 | C42: naihe1op | D42: Tamanna Pervin | E42: Female | F42: 649834 | G42: CSO | H42: Content Moderator | I42: Operations | J42: Sports & shoes & bags & special women clothing | K42: TEMU | L42: Fixed | M42: Md Mehedi Hasan | N42: Asif Iqbal | O42: Ashraful Haq | P42: 21 | Q42: 45267 | R42: 45289 | W42: tamannapervinasha@gmail.com | X42: 1842813430 | Y42: 1724100232 | Z42: Mst.Chaina Aktar | AA42: 1712060054 | AB42: Mother | AC42: A+ | AD42: 35134 | AE42: =((TODAY())-AD42)/365 -> 28.939726 | AF42: Islam | AG42: 5555506681 | AH42: N/A | AI42: MSc | AJ42: N/A | AK42: 2020 | AL42: Eden mohila College | AM42: Md. Akter Hosen | AN42: Mst.Chaina Aktar | AO42: House:40,line:31 block:d mirpur 12 | AP42: Vill:bakshigonj uttor bazar.post: Bakshigonj-2140, Bakshigonj, Dist: Jamalpur | AQ42: Mirpur | AR42: Unmarried | AS42: N/A | AT42: N/A | AU42: N/A | AV42: N/A | AW42: N/A | AX42: N/A | BA42: Active | BB42: 10800 | BC42: 2700 | BD42: 0 | BE42: Morning | BH42: Done | BI42: 1724100232
A43: 171297 | C43: naihe24op | D43: Nintyananda Joydhar | E43: Male | F43: 787361 | G43: CSO | H43: Content Moderator | I43: Operations | J43: Sports & shoes & bags & special women clothing | K43: TEMU | L43: Fixed | M43: Md Mehedi Hasan | N43: Asif Iqbal | O43: Ashraful Haq | P43: 21 | Q43: 45267 | R43: 45292 | W43: nitayjoy22@gamil.com | X43: 1985225998 | Y43: 151833558 | Z43: Gobinda joydhar | AA43: 1518335558 | AB43: Brother | AC43: B+ | AD43: 35736 | AE43: =((TODAY())-AD43)/365 -> 27.290411 | AF43: Hindu | AG43: 8251520246 | AH43: N/A | AI43: BA | AJ43: N/A | AK43: 2018 | AL43: Shaheed Suhrawardy College, Dhaka. | AM43: Amulya joydhar | AN43: Kanak joydhar | AO43: Sujon Teke Road , Notunbazer, Vatara, Block # A, Ward # 01, Holding # 06, Dhaka 1212. | AP43: Holding no # 309, Khagbari, Ramshil, Kotalipara, Gopalganj. | AQ43: Vatara | AR43: Unmarried | AS43: N/A | AT43: N/A | AU43: N/A | AV43: N/A | AW43: N/A | AX43: N/A | BA43: Active | BB43: 10800 | BC43: 2700 | BD43: 0 | BE43: Morning | BH43: Done | BI43: 1985225998
A44: 171299 | D44: Khama Mondol | E44: Female | F44: N/A | G44: CSO | H44: Content Moderator | I44: Operations | J44: Sports & shoes & bags & special women clothing | K44: TEMU | L44: Fixed | M44: Md Mehedi Hasan | N44: Asif Iqbal | O44: Ashraful Haq | P44: 21 | Q44: 45267 | R44: 45292 | W44: ranamoulick42@gmail.com | X44: 1707904853 | Z44: RANA MoULICK | AA44: 1922451055 | AB44: Husband | AC44: O+ | AD44: 34925 | AE44: =((TODAY())-AD44)/365 -> 29.512329 | AF44: Hindu | AG44: 4617550340 | AH44: NA | AI44: MA | AJ44: N/A | AK44: 2020 | AL44: GOVT.RAJENDRO COLLEGE,FARIDUR NATIONAL UNIVERSITYZ | AM44: ARUN CHNDRA MONDAL | AN44: REKHA RANI MONDAL | AO44: HOUS# KHA-46,KHILKHET MODDHOPARA -1229,DHAKA | AP44: ViLL:HATIARA,P.S:HATIARA-8101,P.S:KASHIANI,DIST:GOPALGANJ. | AQ44: NA | AR44: Married | AS44: RANA MOULICK | AT44: 33905 | AU44: N/A | AV44: N/A | AW44: N/A | AX44: N/A | BA44: Active | BB44: 10800 | BC44: 2700 | BD44: 0 | BE44: Morning | BH44: Done | BI44: 1922451055
A45: 171303 | C45: naihe23op | D45: Shyamali Parvin | E45: Female | F45: 657768 | G45: CSO | H45: Content Moderator | I45: Operations | J45: Sports & shoes & bags & special women clothing | K45: TEMU | L45: Fixed | M45: Md Mehedi Hasan | N45: Asif Iqbal | O45: Ashraful Haq | P45: 21 | Q45: 45267 | R45: 45289 | W45: shyamoli.dcc@gmail.com | X45: 1327421910 | Y45: 1818094420 | Z45: MD Kamrul Islam | AA45: 1710228343 | AB45: Brother | AC45: B+ | AD45: 35514 | AE45: =((TODAY())-AD45)/365 -> 27.89863 | AF45: Islam | AG45: 7807063081 | AH45: N/A | AI45: Masters | AJ45: N/A | AK45: 2023 | AL45: Dhaka City College | AM45: MD.Nazrul islam | AN45: Mst.Kohinur Khatun | AO45: 308/2, Senpara Parbota, Kafrul,Mirpur,Dhaka-1216 | AP45: Village-Nabobila,Post Office-Narina-6770,Sub-district- Shahjadpur,District- Sirajganj | AQ45: Mirpur | AR45: Unmarried | AS45: N/A | AT45: N/A | AU45: N/A | AV45: N/A | AW45: N/A | AX45: N/A | BA45: Active | BB45: 10800 | BC45: 2700 | BD45: 0 | BE45: Morning | BH45: Done | BI45: 1327421910
A46: 171305 | C46: xushiyu4op | D46: Pizush Dev Nath | E46: Male | F46: 1211724432 | G46: CSO | H46: Content Moderator | I46: Operations | J46: Women clothing | K46: TEMU | L46: Fixed | M46: Mizanur Rahman | N46: Asif Iqbal | O46: Ashraful Haq | P46: 21 | Q46: 45267 | R46: 45289 | W46: Pizush26@gmail.com | X46: 1843128701 | Y46: 1568475010 | Z46: Rita Rani Nath | AA46: 1839717370 | AB46: Mother | AC46: B+ | AD46: 36352 | AE46: =((TODAY())-AD46)/365 -> 25.60274 | AF46: Hindu | AG46: 6004163769 | AH46: A11025372 | AI46: BSC | AJ46: N/A | AK46: 2022 | AL46: Northern University Bangladesh | AM46: Bimal Chandra Nath | AN46: Rita Rani Nath | AO46: 386/1,Iqbal Road,Sewrapara,Mirpur | AP46: Home:Dr.Bimal House ,Village:Sener Khill,Post Office:Kazir Hat-3933,Upozila:Sonagazi,Zila:Feni | AQ46: Mirpur | AR46: Unmarried | AS46: N/A | AT46: N/A | AU46: N/A | AV46: N/A | AW46: N/A | AX46: N/A | BA46: Active | BB46: 10800 | BC46: 2700 | BD46: 0 | BE46: Morning | BH46: Done | BI46: 1843128701
A47: 171306 | C47: zhulan4op | D47: Bithy Rani Bashak | E47: Female | F47: 1210932408 | G47: CSO | H47: Content Moderator | I47: Operations | J47: Beauty & accessory | K47: TEMU | L47: Fixed | M47: Nazimuddoula Leon | N47: Asif Iqbal | O47: Ashraful Haq | P47: 21 | Q47: 45267 | R47: 45289 | W47: bithyrani36@ gmail.com | X47: 1937344423 | Y47: 1890371528 | Z47: Rina Rani Bashak | AA47: 1712235771 | AB47: Mother | AC47: A+ | AD47: 36571 | AE47: =((TODAY())-AD47)/365 -> 25.00274 | AF47: Hindu | AG47: 9163437248 | AH47: N/A | AI47: BBA | AJ47: N/A | AK47: 2023 | AL47: Mirpur University | AM47: Babul Chandro Bashak | AN47: Rina Rani Bashak | AO47: House-52 Middle Paikpara ,Mirpur-1,Dhaka-1216 | AP47: House-576,Road-05, Mirpur-7,Dhaka-1216 | AQ47: Mirpur | AR47: Unmarried | AS47: N/A | AT47: N/A | AU47: N/A | AV47: N/A | AW47: N/A | AX47: N/A | BA47: Active | BB47: 10800 | BC47: 2700 | BD47: 0 | BE47: Morning | BH47: Done | BI47: 1937344423
A48: 171307 | C48: naihe20op | D48: Sharmin Nahar | E48: Female | F48: 1011234674 | G48: CSO | H48: Content Moderator | I48: Operations | J48: Sports & shoes & bags & special women clothing | K48: TEMU | L48: Fixed | M48: Md Mehedi Hasan | N48: Asif Iqbal | O48: Ashraful Haq | P48: 21 | Q48: 45267 | R48: 45289 | W48: naharsharminmimi@gmail.com | X48: 1935422298 | Z48: Md. Harun-Or-Rashid | AA48: 1813044084 | AB48: Father | AC48: A+ | AD48: 35609 | AE48: =((TODAY())-AD48)/365 -> 27.638356 | AF48: Islam | AG48: 4652721764 | AH48: N/A | AI48: MA | AJ48: N/A | AK48: 2020 | AL48: Eden Mohila College | AM48: Md. Harun-Or-Rashid | AN48: Farida Akter Panna | AO48: House No.782, First Floor, Nasiruddin Road, Donia, Kodomtoli, Dhaka-1236 | AP48: C/O: Harun-Or-Rashid, Osman Patwary Bari, Shamgonj, Laxmipur Sadar, Laxmipur-3700 | AQ48: Donia | AR48: Unmarried | AS48: N/A | AT48: N/A | AU48: N/A | AV48: N/A | AW48: N/A | AX48: N/A | BA48: Active | BB48: 10800 | BC48: 2700 | BD48: 0 | BE48: Morning | BH48: Done | BI48: 1935422298
A49: 171308 | C49: xisailuo10op | D49: Yeanta Akter | E49: Female | F49: 1010780608 | G49: CSO | H49: Content Moderator | I49: Operations | J49: Home 1 | K49: TEMU | L49: Fixed | M49: Abdulla Al Mamun | N49: Asif Iqbal | O49: Ashraful Haq | P49: 21 | Q49: 45267 | R49: 45289 | W49: Yeantamaliha@gmail.com | X49: 1747918926 | Y49: 1852585914 | Z49: Mahim | AA49: 1891688633 | AB49: Brother | AC49: A+ | AD49: 35409 | AE49: =((TODAY())-AD49)/365 -> 28.186301 | AF49: Islam | AG49: 7811143390 | AH49: N/A | AI49: BBA | AJ49: Master’s | AK49: 2020 | AL49: Govt. M.M. Ali College | AM49: Mahfujur Rahman | AN49: Hawa Begum | AO49: House name : Khokon memebar bari, Road : satarkul, Taltola, North badda, Dis: Dhaka, postal code : 2941 | AP49: Vill: pakulla, p.s: Shahanshahgonj, Dis: Tangail, postal code : 1900 | AQ49: North badda | AR49: Unmarried | AS49: N/A | AT49: N/A | AU49: N/A | AV49: N/A | AW49: N/A | AX49: N/A | BA49: Active | BB49: 10800 | BC49: 2700 | BD49: 0 | BE49: Morning | BH49: Done | BI49: 1747918926
A50: 171312 | C50: zhulan8op | D50: Kamrun Nahar Setu | E50: Female | F50: 1110453708 | G50: CSO | H50: Content Moderator | I50: Operations | J50: Beauty & accessory | K50: TEMU | L50: Fixed | M50: Nazimuddoula Leon | N50: Asif Iqbal | O50: Ashraful Haq | P50: 21 | Q50: 45267 | R50: 45292 | W50: info.kamrunnaharsetu@gmail.com | X50: 1706218145 | Z50: Md. Kamal Hossen | AA50: 1859298138 | AB50: Father | AC50: A+ | AD50: 35507 | AE50: =((TODAY())-AD50)/365 -> 27.917808 | AF50: Islam | AG50: 6003996383 | AH50: N/A | AI50: BSC | AJ50: N/A | AK50: 2021 | AL50: Mawlana Bhashani Science And Technology University | AM50: Md. Kamal Hossen | AN50: Rumi Akter | AO50: H#195, R#Kawlar Bazar Mosque Road, Dakshinkhan, Dhaka-1229 | AP50: Village: Garabari, Post Office: Dhublia, Police Station: Bhuapur, District: Tangail | AQ50: Kawlar Bazar | AR50: Unmarried | AS50: N/A | AT50: N/A | AU50: N/A | AV50: N/A | AW50: N/A | AX50: N/A | BA50: Active | BB50: 10800 | BC50: 2700 | BD50: 0 | BE50: Morning | BH50: Done | BI50: 1706218145
A51: 171313 | C51: Genex088 | D51: Abu MD. Rifat Imtiaz | E51: Male | F51: 652863 | G51: Executive | H51: Team Leader | I51: Operations | J51: BG Platform Governance Requirements | K51: TEMU | L51: Fixed | M51: Asif Iqbal | O51: Ashraful Haq | P51: 21 | Q51: 45267 | R51: 45292 | S51: 45459 | V51: 1847227160 | W51: imtiazxabid@gmail.com | X51: 1736093813 | Y51: 1319397994 | Z51: Md Rafiqul Islam | AA51: 1936791169 | AB51: Father | AC51: AB+ | AD51: 35600 | AE51: =((TODAY())-AD51)/365 -> 27.663014 | AF51: Islam | AG51: 2851955043 | AH51: A00009512 | AI51: BA | AJ51: N/A | AK51: 2021 | AL51: Sichuan University | AM51: Md. Rafiqul Islam | AN51: Rayhana Islam | AO51: 42/2, North Curcular Road , Dhanmondi, Dhaka | AP51: House-E-9/A, Jamuna Sar Karkhana, Tarakandi, Sarishabari, Jamalpur, Post Code-2055 | AQ51: Dhanmondi | AR51: Unmarried | AU51: N/A | AV51: N/A | AW51: N/A | AX51: N/A | BA51: Active | BB51: 14500 | BC51: 3500 | BD51: 2000 | BE51: Evening | BH51: Done | BI51: 1319397994 | BJ51: rifat.imtiaz@genex.com.bd
A52: 171316 | C52: zhulan22op | D52: Fatema Tuj Johora Tuni | E52: Female | F52: 347376/06 | G52: CSO | H52: Content Moderator | I52: Operations | J52: Beauty & accessory | K52: TEMU | L52: Fixed | M52: Sabrina Sultana Mou | N52: Asif Iqbal | O52: Ashraful Haq | P52: 22 | Q52: 45323 | R52: 45333 | W52: Fatematuni477@gmail.com | X52: 1983746716 | Y52: 1629011992 | Z52: Roksana parveen | AA52: 1819052435 | AB52: Mother | AC52: A+ | AD52: 34270 | AE52: =((TODAY())-AD52)/365 -> 31.306849 | AF52: Islam | AG52: 8245313344 | AH52: N/A | AI52: BSS | AJ52: N/A | AK52: 2023 | AL52: Independent University,Bangladesh | AM52: MD.Iqbal miah | AN52: Roksana parveen | AO52: Ka)78/2,khilkhet Khapara,Dhaka-1229 | AP52: Ka)78/2,khilkhet khapara,Dhaka-1229 | AQ52: Khilkhet | AR52: Married | AS52: Sany Chowdhury | AT52: 33555 | AU52: N/A | AV52: N/A | AW52: N/A | AX52: N/A | BA52: Active | BB52: 10800 | BC52: 2700 | BD52: 0 | BE52: Morning | BI52: 1983746716
A53: 171317 | C53: xushiyu6op | D53: Mahmuda Akter | E53: Female | F53: 1110152143 | G53: CSO | H53: Content Moderator | I53: Operations | J53: Women clothing | K53: TEMU | L53: Fixed | M53: Mizanur Rahman | N53: Asif Iqbal | O53: Ashraful Haq | P53: 22 | Q53: 45323 | R53: 45333 | W53: mahmudaakter836@gmail.com | X53: 1754126059 | Y53: 1678092647 | Z53: MD Omar Farooq Bhuiyan | AA53: 1678092647 | AB53: Father | AC53: O+ | AD53: 36188 | AE53: =((TODAY())-AD53)/365 -> 26.052055 | AF53: Islam | AG53: 6004980840 | AH53: N/A | AI53: MBA | AJ53: N/A | AK53: 2023 | AL53: Asian University Of Bangladesh | AM53: MD Omar Farooq Bhuiyan | AN53: Hasina Akhter | AO53: Area: KA-142/A, Uttarpara , Khilkhet. | AP53: Vill: Laksmi Narayanpur, P.O: Setu Bhanga, P.S.: Begumgonj, Dist: Noakhali | AQ53: Khilkhet | AR53: Unmarried | AS53: N/A | AT53: N/A | AU53: N/A | AV53: N/A | AW53: N/A | AX53: N/A | BA53: Active | BB53: 10800 | BC53: 2700 | BD53: 0 | BE53: Morning | BI53: 1754126059
A54: 171319 | C54: naihe15op | D54: Saeema Rahman | E54: Female | F54: 141083251812015 | G54: CSO | H54: Content Moderator | I54: Operations | J54: Sports & shoes & bags & special women clothing | K54: TEMU | L54: Fixed | M54: Md Mehedi Hasan | N54: Asif Iqbal | O54: Ashraful Haq | P54: 22 | Q54: 45323 | R54: 45333 | W54: saeemarehmann@gmail.com | X54: 1710184151 | Y54: 1913957436 | Z54: MD. WALIUR RAHMAN | AA54: 1673251923 | AB54: Mother | AC54: A+ | AD54: 36903 | AE54: =((TODAY())-AD54)/365 -> 24.093151 | AF54: Islam | AG54: 7818910049 | AH54: N/A | AI54: BA | AJ54: N/A | AK54: 2023 | AL54: Shanto-Mariam University of Creative Technology | AM54: MD. WALIUR RAHMAN | AN54: MST. SALMA BEGUM | AO54: Khilkhet , Dhaka | AP54: Khondokbaria, Shailokupa, Jhinaidaho | AQ54: Khilkhet | AR54: Unmarried | AS54: N/A | AT54: N/A | AU54: N/A | AV54: N/A | AW54: N/A | AX54: N/A | BA54: Active | BB54: 10800 | BC54: 2700 | BD54: 0 | BE54: Morning | BI54: 1710184151
A55: 171320 | C55: naihe61op | D55: Liza Akter | E55: Female | F55: 1010936732 | G55: CSO | H55: Content Moderator | I55: Operations | J55: Sports & shoes & bags & special women clothing | K55: TEMU | L55: Fixed | M55: Md Mehedi Hasan | N55: Asif Iqbal | O55: Ashraful Haq | P55: 22 | Q55: 45323 | R55: 45333 | W55: Lizaaktermoon75@gmail.com | X55: 1610778992 | Z55: Md. shahidur Rahaman | AA55: 1602597726 | AB55: Husband | AC55: A+ | AD55: 35799 | AE55: =((TODAY())-AD55)/365 -> 27.117808 | AF55: Islam | AG55: 7804777923 | AH55: N/A | AI55: Bss | AJ55: N/A | AK55: 2019 | AL55: Uttara Town College | AM55: Abul Kalam | AN55: Nazma Begum | AO55: Vill:South Mollertack,P.O:Ashkona,P.S:Dashkinkhan | AP55: Vill:South Mollertack,P.O:Ashkona,P.S:Dashkinkhan | AQ55: Airport | AR55: Married | AS55: Md.Shahidur Rahman | AT55: 33599 | AU55: Isifak Rahman Sadaf | AV55: 44628 | AW55: N/A | AX55: N/A | BA55: Active | BB55: 10800 | BC55: 2700 | BD55: 0 | BE55: Morning | BI55: 1953635894
A56: 171324 | C56: naihe2op | D56: Shrabonti Teresa Costa | E56: Female | F56: 1110571790 | G56: CSO | H56: Content Moderator | I56: Operations | J56: Sports & shoes & bags & special women clothing | K56: TEMU | L56: Fixed | M56: Md Mehedi Hasan | N56: Asif Iqbal | O56: Ashraful Haq | P56: 22 | Q56: 45323 | R56: 45333 | W56: Shrabonti2k@gmail | X56: 1969114903 | Y56: 1302328461 | Z56: Mohini philomina Costa | AA56: 1302328461 | AB56: Mother | AC56: B+ | AD56: 35700 | AE56: =((TODAY())-AD56)/365 -> 27.389041 | AF56: Christian | AG56: 6002096789 | AH56: N/A | AI56: BBA | AJ56: N/A | AK56: 2020 | AL56: Tejgaon mohila College | AM56: Chandan William Costa | AN56: Mohini philomina Costa | AO56: Farmgate, dhaka | AP56: Rangamatia,Kaliganj.,gazipur | AQ56: Farmgate | AR56: Unmarried | AS56: N/A | AT56: N/A | AU56: N/A | AV56: N/A | AW56: N/A | AX56: N/A | BA56: Active | BB56: 10800 | BC56: 2700 | BD56: 0 | BE56: Morning | BI56: 1825992271
A57: 171326 | C57: xisailuo12op | D57: Nahida Akter | E57: Female | F57: 328223 | G57: CSO | H57: Content Moderator | I57: Operations | J57: Home 1 | K57: TEMU | L57: Fixed | M57: Sabrina Sultana Mou | N57: Asif Iqbal | O57: Ashraful Haq | P57: 22 | Q57: 45323 | R57: 45333 | W57: nahida.akter2307@gmail.com | X57: 1761416502 | Y57: 1720448126 | Z57: Md. Lutfur Rahman | AA57: 1720448126 | AB57: Husband | AC57: AB+ | AD57: 34196 | AE57: =((TODAY())-AD57)/365 -> 31.509589 | AF57: Islam | AG57: 5986350691 | AH57: N/A | AI57: MSS | AJ57: N/A | AK57: 2016 | AL57: Bhawal Badre Alam Govt. College | AM57: Late Md. Alaul Haque | AN57: Asrafun Nahar | AO57: House-22, Road-1, Block-B, Section-01, PS- Sha Ali, PO-Mirpur-1216, Dhaka. | AP57: House-22, Road-1, Block-B, Section-01, PS- Sha Ali, PO-Mirpur-1216, Dhaka. | AQ57: Mirpur-1 | AR57: Married | AS57: Md. Lutfur Rahman | AT57: 31371 | AU57: Azan An-Nafi | AV57: 44415 | AW57: N/A | AX57: N/A | BA57: Active | BB57: 10800 | BC57: 2700 | BD57: 0 | BE57: Morning | BI57: 1761416502
A58: 171329 | C58: Genex094 | D58: Sukur Ali | E58: Male | F58: 271132 | G58: CSO | H58: Content Moderator | I58: Operations | J58: BG Platform Governance Requirements | K58: TEMU | L58: Fixed | M58: Abu MD. Rifat Imtiaz | N58: Asif Iqbal | O58: Ashraful Haq | P58: 22 | Q58: 45323 | R58: 45339 | W58: msali4707@gmail.com | X58: 1920648706 | Y58: 1519610419 | Z58: MOST TASLIMA KHATUN | AA58: 1981543154 | AB58: Husband | AC58: AB+ | AD58: 35591 | AE58: =((TODAY())-AD58)/365 -> 27.687671 | AF58: Islam | AG58: 6902904371 | AH58: N/A | AI58: BA | AJ58: N/A | AK58: 2019 | AL58: Govt. Bangla College | AM58: MD MOHIUDDIN | AN58: MST SOKINA KHATUN | AO58: House: 02 Road: 04 Block: C Mirpur-12 | AP58: Vill: Kushumpur P/O: Kushumpur : P/S: Mahespur Dis: Jhenaidah | AQ58: Mirpur-12 | AR58: Married | AS58: MOST TASLIMA KHATUN | AT58: 35098 | AU58: SUZANA AKTER SHOHA | AV58: 45284 | AW58: N/A | AX58: N/A | BA58: Active | BB58: 10800 | BC58: 2700 | BD58: 1000 | BE58: Evening | BI58: 1920648706
A59: 171333 | C59: Genex101 | D59: Delwar Hossain | E59: Male | F59: 1110250032 | G59: CSO | H59: Content Moderator | I59: Operations | J59: BG Platform Governance Requirements | K59: TEMU | L59: Fixed | M59: Mohammad Joshim | N59: Asif Iqbal | O59: Ashraful Haq | P59: 22 | Q59: 45323 | R59: 45339 | W59: delwar318hossain@gmail.com | X59: 1931927483 | Z59: Salina Akter | AA59: 1815469068 | AB59: Mother | AC59: O+ | AD59: 36280 | AE59: =((TODAY())-AD59)/365 -> 25.8 | AF59: Islam | AG59: 5557822524 | AH59: N/A | AI59: BSC | AJ59: N/A | AK59: 2021 | AL59: B.Sc. from Stamford University | AM59: Md Dalilur Rahman | AN59: Salina akter | AO59: M-8 NIDCH Staff Quarter, Mohakhali, Dhaka -1212 | AP59: Vill- Izzatpur, p.o.-Mia Bajar, P.S.- Feni, D-Feni | AQ59: Mohakhali, Dhaka | AR59: Unmarried | AS59: N/A | AT59: N/A | AU59: N/A | AV59: N/A | AW59: N/A | AX59: N/A | BA59: Active | BB59: 10800 | BC59: 2700 | BD59: 1000 | BE59: Evening | BI59: 1931927483
A60: 171334 | C60: Genex092 | D60: Sharafat Hossen | E60: Male | F60: 470926 | G60: CSO | H60: Content Moderator | I60: Operations | J60: BG Platform Governance Requirements | K60: TEMU | L60: Fixed | M60: Md. Tanjir Ahmed | N60: Asif Iqbal | O60: Ashraful Haq | P60: 22 | Q60: 45323 | R60: 45339 | W60: sharafathossen17@gmail.com | X60: 1929176475 | Y60: 1759666566 | Z60: Tamanna Naznin Rothi | AA60: 1858136637 | AB60: Wife | AC60: B+ | AD60: 34617 | AE60: =((TODAY())-AD60)/365 -> 30.356164 | AF60: Islam | AG60: 7327373747 | AH60: N/A | AI60: BBA | AJ60: N/A | AK60: 2016 | AL60: Govt. Titumir College | AM60: Kuddus Molla | AN60: Hosneara Begum | AO60: H- 672/7, Bottala, Namapara Khilkhet, Dhaka 1229 | AP60: Vill+Post: Hatiara, P.S.: Kashiani, Dist.: Gopalganj | AQ60: Khilkhet | AR60: Married | AS60: Tamanna Naznin Rothi | AT60: 34875 | AU60: N/A | AV60: N/A | AW60: N/A | AX60: N/A | BA60: Active | BB60: 10800 | BC60: 2700 | BD60: 1000 | BE60: Evening | BI60: 1759666566
A61: 171338 | C61: xisailuo15op | D61: Md. Mahfujur Rahman Tamim | E61: Male | F61: 1110207249 | G61: CSO | H61: Content Moderator | I61: Operations | J61: Home 1 | K61: TEMU | L61: Fixed | M61: Halima akter | N61: Asif Iqbal | O61: Ashraful Haq | P61: 23 | Q61: 45338 | R61: 45356 | W61: mahfujurrahmantamim2021@gmail.com | X61: 1322401716 | Y61: 1922912009 | Z61: Md. Sekandsar Ali | AA61: 1922912009 | AB61: Brother | AC61: B+ | AD61: 36017 | AE61: =((TODAY())-AD61)/365 -> 26.520548 | AF61: Islam | AG61: 645 549 7112 | AH61: N/A | AI61: Hon's | AJ61: N/A | AK61: 2021 | AL61: Siddheswari Collage and University | AM61: Md. Sekandsar Ali | AN61: Morzina Aktar | AO61: Holding No: 16/180,Purbo chanpara,Uttorkhan,Dhaka-1223 | AP61: Holding No: 16/180,Purbo chanpara,Uttorkhan,Dhaka-1223 | AQ61: Uttora | AR61: Unmarried | AS61: N/A | AT61: N/A | AU61: N/A | AV61: N/A | AW61: N/A | AX61: N/A | BA61: Active | BB61: 10800 | BC61: 2700 | BD61: 0 | BE61: Morning | BI61: 1712442547
A62: 171341 | C62: naihe7op | D62: Md. Shafiqul Islam | E62: Male | F62: 685511 | G62: CSO | H62: Content Moderator | I62: Operations | J62: Sports & shoes & bags & special women clothing | K62: TEMU | L62: Fixed | M62: Nazmus Sakib | N62: Asif Iqbal | O62: Ashraful Haq | P62: 23 | Q62: 45338 | R62: 45356 | W62: Shafiqanik275@gmail.com | X62: 1872118083 | Y62: 1572167261 | Z62: Shiriy aktar | AA62: 1742042944 | AB62: Mother | AC62: O+ | AD62: 35125 | AE62: =((TODAY())-AD62)/365 -> 28.964384 | AF62: Islam | AG62: 5969627255 | AH62: N/A | AI62: MBA | AJ62: N/A | AK62: 2023 | AL62: Tejgaon College | AM62: Md Abdur Rahim munshi | AN62: Shiriy aktar | AO62: 156/7 basantak, dhaka senanibas, dhaka | AP62: Fordabad, bancharampur, Brahmanbaria | AQ62: Mirpur | AR62: Unmarried | AS62: N/A | AT62: N/A | AU62: N/A | AV62: N/A | AW62: N/A | AX62: N/A | BA62: Active | BB62: 10800 | BC62: 2700 | BD62: 0 | BE62: Morning | BI62: 1872118083
A63: 171343 | C63: N/A | D63: Emdadul Islam | E63: Male | F63: 343988 | G63: CSO | H63: Content Moderator | I63: Operations | J63: Product's Review for Risk Control | K63: TEMU | L63: Fixed | M63: Halima akter | N63: Asif Iqbal | O63: Ashraful Haq | P63: 23 | Q63: 45338 | R63: 45356 | W63: emdad8188@gmail.com | X63: 1732764492 | Z63: MD . Yousuf khan | AA63: 1672667834 | AB63: FATHER | AC63: A+ | AD63: 34230 | AE63: =((TODAY())-AD63)/365 -> 31.416438 | AF63: Islam | AG63: 7758184290 | AH63: N/A | AI63: masters | AJ63: N/A | AK63: 2023 | AL63: DHAKA UNIVERSITY | AM63: MD YOUSUF KHAN | AN63: UMME SALMA | AO63: House no:256 kawler Post Office: khilkhet Thana:Dakhinhkan District:Dhaka-1229 | AP63: House no:256 kawler Post Office: khilkhet Thana:Dakhinhkan District:Dhaka-1229 | AQ63: Kawla, Airport | AR63: Unmarried | AS63: N/A | AT63: N/A | AU63: N/A | AV63: N/A | AW63: N/A | AX63: N/A | BA63: Active | BB63: 10800 | BC63: 2700 | BD63: 0 | BE63: Morning | BI63: 1732764492
A64: 171345 | C64: naihe8op | D64: Safi Mahmud | E64: Male | F64: 1412807616 | G64: CSO | H64: Content Moderator | I64: Operations | J64: Sports & shoes & bags & special women clothing | K64: TEMU | L64: Fixed | M64: Md Mehedi Hasan | N64: Asif Iqbal | O64: Ashraful Haq | P64: 23 | Q64: 45338 | R64: 45356 | W64: safimahmud1412@gmail.com | X64: 1728583881 | Y64: 1921477314 | Z64: MST Amina Takdera | AA64: 1745214577 | AB64: Mother | AC64: B+ | AD64: 37207 | AE64: =((TODAY())-AD64)/365 -> 23.260274 | AF64: Islam | AG64: 7815270231 | AH64: N/A | AI64: BSC | AJ64: N/A | AK64: 2023 | AL64: GUB | AM64: MD Matiur Rahman | AN64: MST Amina Takdera | AO64: West Shewrapara, mirpur,dhaka | AP64: Tilakpur, Naogaon, Rajshahi | AQ64: Mirpur | AR64: Unmarried | AS64: N/A | AT64: N/A | AU64: N/A | AV64: N/A | AW64: N/A | AX64: N/A | BA64: Active | BB64: 10800 | BC64: 2700 | BD64: 0 | BE64: Morning | BI64: 1728583881
A65: 171356 | C65: xisailuo77op | D65: Motasim Billah | E65: Male | F65: 1412792757 | G65: CSO | H65: Content Moderator | I65: Operations | J65: Home 1 | K65: TEMU | L65: Fixed | M65: Abdulla Al Mamun | N65: Asif Iqbal | O65: Ashraful Haq | P65: 23 | Q65: 45338 | R65: 45362 | W65: motasimfuad20@gmail.com | X65: 1701508792 | Y65: 1568466646 | Z65: Al Mahmud Reyad | AA65: 1749456602 | AB65: Brother | AC65: B+ | AD65: 37514 | AE65: =((TODAY())-AD65)/365 -> 22.419178 | AF65: Islam | AG65: 1962379754 | AH65: N/A | AI65: Bachelor of Pharmacy (B.pharm) | AJ65: N/A | AK65: 2023 | AL65: Primeasia University | AM65: A.k.m Abdur Razzaq | AN65: Mst. Sultana Razia | AO65: Nikunjo -2,Khilkhet, Dhaka | AP65: Gorfatepur,Sonatola,Bogura | AQ65: Nikunjo -2 | AR65: Unmarried | AS65: N/A | AT65: N/A | AU65: N/A | AV65: N/A | AW65: N/A | AX65: N/A | BA65: Active | BB65: 10800 | BC65: 2700 | BD65: 0 | BE65: Morning | BI65: 1701508792
A66: 171359 | C66: Genex107 | D66: Monjur Hossain Sheikh | E66: Male | F66: 384727 | G66: CSO | H66: Content Moderator | I66: Operations | J66: BG Platform Governance Requirements | K66: TEMU | L66: Fixed | M66: Mohammad Joshim | N66: Asif Iqbal | O66: Ashraful Haq | P66: 23 | Q66: 45338 | R66: 45363 | W66: sheikhmaghrib@gmail.com | X66: 1611793511 | Y66: 1404354684 | Z66: Mehrab Hossain Sheikh | AA66: 1791309409 | AB66: Brother | AC66: B+ | AD66: 34699 | AE66: =((TODAY())-AD66)/365 -> 30.131507 | AF66: Islam | AG66: 19942692012017100 | AH66: N/A | AI66: BBA | AJ66: N/A | AK66: 2019 | AL66: Dhaka Business Institute | AM66: Md. Ismail Hossain Sheikh | AN66: Monowara Ismail | AO66: Vill- Gawair, P.O.- Uttara, P.S. - Dakshin Khan, Dist.- Dhaka | AP66: Vill- Gulbagh, Malibagh, P.O.- Khilgaon, P.S.- Shahjahanpur, Dist.- Dhaka | AQ66: Uttara | AR66: Married | AS66: Nurunnahar Islam Mitu | AT66: 37064 | AU66: Mazhab Hossain Sheikh | AV66: 45295 | AW66: N/A | AX66: N/A | BA66: Active | BB66: 10800 | BC66: 2700 | BD66: 1000 | BE66: Evening | BI66: 1611793511
A67: 171367 | C67: Genex111 | D67: MD Ayub Ali Ansari | E67: Male | F67: 1112816137 | G67: CSO | H67: Content Moderator | I67: Operations | J67: BG Platform Governance Requirements | K67: TEMU | L67: Fixed | M67: Abu MD. Rifat Imtiaz | N67: Asif Iqbal | O67: Ashraful Haq | P67: 24 | Q67: 45353 | R67: 45369 | W67: ansariislam4878@gmail.com | X67: 1735362957 | Y67: 1754644878 | Z67: MD. BARAT ALI | AA67: 1722377590 | AB67: Father | AC67: B+ | AD67: 35775 | AE67: =((TODAY())-AD67)/365 -> 27.183562 | AF67: Islam | AG67: 2403729649 | AH67: N/A | AI67: Bsc | AJ67: N/A | AK67: 2022 | AL67: European University of Bangladesh | AM67: MD. BARAT ALI | AN67: Mst. Josna Khatun | AO67: Khilket-Nikunjo-2 | AP67: Shahzad pur, Sirajganj | AQ67: Khilket, | AR67: Unmarried | AS67: N/A | AT67: N/A | AU67: N/A | AV67: N/A | AW67: N/A | AX67: N/A | BA67: Active | BB67: 10800 | BC67: 2700 | BD67: 1000 | BE67: Evening | BI67: 1754644878
A68: 171368 | C68: Genex112 | D68: Mehedi Hasan Nirob | E68: Male | F68: 1310438471 | G68: CSO | H68: Content Moderator | I68: Operations | J68: BG Platform Governance Requirements | K68: TEMU | L68: Fixed | M68: Rakib Ahsan | N68: Asif Iqbal | O68: Ashraful Haq | P68: 24 | Q68: 45353 | R68: 45367 | W68: nirobwahid521@gmail.com | X68: 1622585929 | Y68: 1796802256 | Z68: Parvin Akter | AA68: 1746079086 | AB68: Son | AC68: B+ | AD68: 36161 | AE68: =((TODAY())-AD68)/365 -> 26.126027 | AF68: Islam | AG68: 3314151196 | AH68: n/a | AI68: Bachelor of Arts | AJ68: N/A | AK68: 2021 | AL68: Honours | AM68: Abul Kalam Azad | AN68: Parvin Akter | AO68: 16 no road,Nikunja -2,Khilkhet. | AP68: Chalas,Dhanbari,Tangail. | AQ68: khilkhet | AR68: Unmarried | AS68: na | AT68: na | AU68: N/A | AV68: N/A | AW68: N/A | AX68: N/A | BA68: Active | BB68: 10800 | BC68: 2700 | BD68: 1000 | BE68: Evening | BI68: 1796802256
A69: 171374 | C69: Genex119 | D69: Md Joynal Abedin | E69: Male | F69: 1010801492 | G69: CSO | H69: Content Moderator | I69: Operations | J69: BG Platform Governance Requirements | K69: TEMU | L69: Fixed | M69: Abu MD. Rifat Imtiaz | N69: Asif Iqbal | O69: Ashraful Haq | P69: 24 | Q69: 45353 | R69: 45369 | W69: Abedinhasan590@gmail.com | X69: 1724521255 | Z69: MD.HASAN ALI | AA69: 1728650410 | AB69: FATHER | AC69: AB+ | AD69: 35545 | AE69: =((TODAY())-AD69)/365 -> 27.813699 | AF69: Islam | AG69: 6903790423 | AH69: N/A | AI69: BSc in engineering | AJ69: N/A | AK69: 2021 | AL69: CITY UNIVERSITY | AM69: MD.HASAN ALI | AN69: SAJEDA BEGUM | AO69: NIKUNJA 02,ROAD NO:06,HOUSE NO:10 | AP69: HASORA SOUTH, KALOHA,KALIHATI, TANGAIL, DHAKA | AQ69: KHILKHET | AR69: Unmarried | AS69: N/A | AT69: N/A | AU69: N/A | AV69: N/A | AW69: N/A | AX69: N/A | BA69: Active | BB69: 10800 | BC69: 2700 | BD69: 1000 | BE69: Evening | BI69: 1724521255
A70: 171384 | C70: Genex131 | D70: MD Mehadi Hasan Sany | E70: Male | F70: 440227 | G70: CSO | H70: Content Moderator | I70: Operations | J70: BG Platform Governance Requirements | K70: TEMU | L70: Fixed | M70: Nasir Uddin | N70: Asif Iqbal | O70: Ashraful Haq | P70: 24 | Q70: 45353 | R70: 45367 | W70: sunnypunny2014@gmail.com | X70: 1408648899 | Y70: 1951866525 | Z70: sathi alam | AA70: 1845054819 | AB70: Mother | AC70: O+ | AD70: 35032 | AE70: =((TODAY())-AD70)/365 -> 29.219178 | AF70: Islam | AG70: 1919977098 | AH70: N/A | AI70: masters | AJ70: N/A | AK70: 2023 | AL70: gov.Titumir college. | AM70: Md.shah Alam | AN70: sathi alam | AO70: kha 58/1 hajibari amtola, khilkhet dhaka-1229. | AP70: vill; keshobpur, kathal bazar. post /thana: ishwarganj. dis: mymensingh. | AQ70: khilkhet | AR70: Unmarried | AS70: N/A | AT70: N/A | AU70: N/A | AV70: N/A | AW70: N/A | AX70: N/A | BA70: Active | BB70: 10800 | BC70: 2700 | BD70: 1000 | BE70: Evening | BI70: 1408648899
A71: 171387 | C71: Genex135 | D71: Tajbiul Haque | E71: Male | F71: 1310295823 | G71: CSO | H71: Content Moderator | I71: Operations | J71: BG Platform Governance Requirements | K71: TEMU | L71: Fixed | M71: Rakib Ahsan | N71: Asif Iqbal | O71: Ashraful Haq | P71: 24 | Q71: 45353 | R71: 45367 | W71: Tajbiulhaque@gmail.com | X71: 1760059260 | Y71: 1307990308 | Z71: Ahsanul Haque Munna | AA71: 171059628 | AB71: Brother | AC71: AB+ | AD71: 36534 | AE71: =((TODAY())-AD71)/365 -> 25.10411 | AF71: Islam | AG71: 1961309356 | AH71: N/A | AI71: BA in English Literature | AJ71: N/A | AK71: 2023 | AL71: Asian University of Bangladesh | AM71: Abdul Motaleb | AN71: Sufia Begum | AO71: Konna Bilash, Dolipara Bazar, Sector 5, Uttara, Dhaka | AP71: HN-324, Uttar Bazar, Gouripur, Mymensingh | AQ71: Uttara | AR71: Unmarried | AS71: N/A | AT71: N/A | AU71: N/A | AV71: N/A | AW71: N/A | AX71: N/A | BA71: Active | BB71: 10800 | BC71: 2700 | BD71: 1000 | BE71: Evening | BI71: 1307990307
A72: 171390 | C72: heibulin4op | D72: Naznin Siddique | E72: Female | G72: CSO | H72: Content Moderator | I72: Operations | J72: Home 2 | K72: TEMU | L72: Fixed | M72: Mizanur Rahman | N72: Asif Iqbal | O72: Ashraful Haq | P72: 25 | Q72: 45371 | R72: 45384 | W72: naznin.siddique 001@gmail.com | X72: 19636398060 | Y72: 1885673826 | Z72: Md.Rafiqul Islam | AA72: 1885673826 | AB72: Husband | AC72: B+ | AD72: 35743 | AE72: =((TODAY())-AD72)/365 -> 27.271233 | AF72: Islam | AG72: 6002883665 | AH72: N/A | AI72: Hon's | AJ72: N/A | AK72: 2020 | AL72: Magura Adarsho College | AM72: MD.NURE AlAM SIDdIQQUE | AN72: MST.SABINA YESMIN | AO72: East Mollartake,Tetultola Bekery,Dokhinkhan,Dhaka-1230 | AP72: V:khordofulbari,P:Nahata,Thana:Mohammadpur,D:Magura | AQ72: Dokhinkhan | AR72: Married | AS72: MD.RAFIQUAL ISLAM | AT72: 34820 | AU72: N/A | AV72: N/A | AW72: N/A | AX72: N/A | BA72: Active | BB72: 10800 | BC72: 2700 | BD72: 0 | BE72: Morning
A73: 171392 | C73: zhulan20op | D73: Rumana Parvin | E73: Female | G73: CSO | H73: Content Moderator | I73: Operations | J73: Beauty & accessory | K73: TEMU | L73: Fixed | M73: Sabrina Sultana Mou | N73: Asif Iqbal | O73: Ashraful Haq | P73: 25 | Q73: 45371 | R73: 45384 | W73: N/A | X73: 1797060969 | Y73: 1704778875 | Z73: MD Imtiaz Haque | AA73: 1704778875 | AB73: Brother | AC73: B+ | AD73: 32241 | AE73: =((TODAY())-AD73)/365 -> 36.865753 | AF73: Islam | AG73: 7795085849 | AH73: N/A | AI73: Honours | AJ73: N/A | AK73: 2010 | AL73: Kushtia Govt.college Kushtia | AM73: MD.Imdadul Haque | AN73: MST.Hosneara Parvin | AO73: Khilkhat uttor para Dhaka | AP73: 173/1 School Para airport road Ishwardi pabna | AQ73: Khilkhat | AR73: Unmarried | AS73: N/A | AT73: N/A | AU73: N/A | AV73: N/A | AW73: N/A | AX73: N/A | BA73: Active | BB73: 10800 | BC73: 2700 | BD73: 0 | BE73: Morning
A74: 171409 | C74: heibulin31op | D74: Tamalika Roy | E74: Female | F74: 436447 | G74: CSO | H74: Content Moderator | I74: Operations | J74: Home 2 | K74: TEMU | L74: Fixed | M74: Abdulla Al Mamun | N74: Asif Iqbal | O74: Ashraful Haq | P74: 26 | Q74: 45397 | R74: 45405 | W74: tamalikaroy007@gmail.com | X74: 1771523027 | Y74: 1771523027 | Z74: Aniruddha Patronobish | AA74: 1521444218 | AB74: Husband | AC74: B+ | AD74: 34791 | AE74: =((TODAY())-AD74)/365 -> 29.879452 | AF74: Hindu | AG74: 9139055249 | AH74: N/A | AI74: Post Graduation | AJ74: N/A | AK74: 2017 | AL74: Mymensingh Govt. Ananda Mohan College( NU) | AM74: Dilip Kumar Roy ( Late) | AN74: Chayna Roy | AO74: 51/A/1, West Panthapath, Rajabajar,Dhaka 1205 | AP74: Rajpur, Montala Hat, Muktagacha, Mymensingh. | AQ74: Rajabajar | AR74: Married | AS74: Aniruddha Patronobish | AT74: 35354 | AU74: N/A | AV74: N/A | AW74: N/A | AX74: N/A | AY74: N/A | AZ74: N/A | BA74: Active | BB74: 10800 | BC74: 2700 | BD74: 0 | BE74: Morning
A75: 171410 | C75: heibulin1op | D75: Mst. Asma Ul Rahman Rafe | E75: Female | F75: 1117626213 | G75: CSO | H75: Content Moderator | I75: Operations | J75: Home 2 | K75: TEMU | L75: Fixed | M75: Mizanur Rahman | N75: Asif Iqbal | O75: Ashraful Haq | P75: 26 | Q75: 45397 | R75: 45405 | W75: asmaulhusnarafe2020@gmail.com | X75: 1521463212 | Z75: Md Murtuza Al Mahamud Moon | AA75: 1723729402 | AB75: Husband | AC75: A+ | AD75: 36285 | AE75: =((TODAY())-AD75)/365 -> 25.786301 | AF75: Islam | AG75: 1504385129 | AH75: N/A | AI75: Hon's | AJ75: N/A | AK75: 2021 | AL75: NU | AM75: MD Helalur Rahman | AN75: Mst.Wahida Parvin | AO75: Nikunja 2,Road- 6,House -9,Khilkhet | AP75: Goyalpara,Thakurgaon | AQ75: Khilkhet, | AR75: Married | AS75: Md Murtuza Al Mahamud Moon | AT75: 34332 | AU75: N/A | AV75: N/A | AW75: N/A | AX75: N/A | AY75: N/A | AZ75: N/A | BA75: Active | BB75: 10800 | BC75: 2700 | BD75: 0 | BE75: Morning
A76: 171411 | C76: heibulin21op | D76: Swparna Nag | E76: Female | F76: 526594 | G76: CSO | H76: Content Moderator | I76: Operations | J76: Home 2 | K76: TEMU | L76: Fixed | M76: Abdulla Al Mamun | N76: Asif Iqbal | O76: Ashraful Haq | P76: 26 | Q76: 45397 | R76: 45405 | W76: trinanag@gmail.com | X76: 1924440638 | Z76: Sutopa Nag | AA76: 1763297995 | AB76: Sister | AC76: O+ | AD76: 35072 | AE76: =((TODAY())-AD76)/365 -> 29.109589 | AF76: Islam | AG76: 7796202252 | AH76: A00132777 | AI76: Master’s | AJ76: N/A | AK76: 2019 | AL76: National University | AM76: Late Barindra Nag | AN76: Gouri Nag | AO76: Kha-99/ka, East Namapara, Khilkhet, Dhaka-1229 | AP76: Dewanpara, Jamalpur Sadar, Jamalpur | AQ76: Khilkhet | AR76: Unmarried | AS76: N/A | AT76: N/A | AU76: N/A | AV76: N/A | AW76: N/A | AX76: N/A | AY76: N/A | AZ76: N/A | BA76: Active | BB76: 10800 | BC76: 2700 | BD76: 0 | BE76: Morning
A77: 171412 | C77: heibulin30op | D77: Benojir Shakila Pia | E77: Female | F77: 785276 | G77: CSO | H77: Content Moderator | I77: Operations | J77: Home 2 | K77: TEMU | L77: Fixed | M77: Abdulla Al Mamun | N77: Asif Iqbal | O77: Ashraful Haq | P77: 26 | Q77: 45397 | R77: 45405 | W77: Sakilapia5856@gmail. Com | X77: 1727462231 | Z77: Kazi Mohammad Enayetullah | AA77: 1720264473 | AB77: Father | AC77: O+ | AD77: 34858 | AE77: =((TODAY())-AD77)/365 -> 29.69589 | AF77: Islam | AG77: 4643081856 | AH77: N/A | AI77: Honours | AJ77: N/A | AK77: 2020 | AL77: National university | AM77: Kazi Mohammad Enayetullah | AN77: Laizu begum | AO77: Nikunko 2,dhaka | AP77: Nilphamari sadar,masterpara | AQ77: Nikunjo 2,khilkhet | AR77: Unmarried | AS77: N/A | AT77: N/A | AU77: N/A | AV77: N/A | AW77: N/A | AX77: N/A | AY77: N/A | AZ77: N/A | BA77: Active | BB77: 10800 | BC77: 2700 | BD77: 0 | BE77: Morning
A78: 171417 | C78: zhulan24op | D78: Roksana Akter | E78: Female | F78: 1110492986 | G78: CSO | H78: Content Moderator | I78: Operations | J78: Beauty & accessory | K78: TEMU | L78: Fixed | M78: Sabrina Sultana Mou | N78: Asif Iqbal | O78: Ashraful Haq | P78: 26 | Q78: 45397 | R78: 45405 | W78: roksanaakteradiba29@gmail.com | X78: 1758892823 | Z78: Nobu Bepari | AA78: 1648431839 | AB78: Brother | AC78: A+ | AD78: 36125 | AE78: =((TODAY())-AD78)/365 -> 26.224658 | AF78: Islam | AG78: 6458488688 | AH78: B00324144 | AI78: Hon’s | AJ78: N/A | AK78: 2023 | AL78: Shanto Mariam university of creative technology | AM78: Nobu Bepari | AN78: Nasima Begum | AO78: Khilkhet,Narayan Nagar Jame Masjid ,Aponvila | AP78: Baichal Post Office Jagir Manikganj Sadar Manikganj | AQ78: Khilkhet | AR78: Unmarried | AS78: N/A | AT78: N/A | AU78: N/A | AV78: N/A | AW78: N/A | AX78: N/A | AY78: N/A | AZ78: N/A | BA78: Active | BB78: 10800 | BC78: 2700 | BD78: 0 | BE78: Morning
A79: 171418 | C79: naihe5op | D79: Yeasmin Akter | E79: Female | F79: 920583 | G79: CSO | H79: Content Moderator | I79: Operations | J79: Sports & shoes & bags & special women clothing | K79: TEMU | L79: Fixed | M79: Nazmus Sakib | N79: Asif Iqbal | O79: Ashraful Haq | P79: 26 | Q79: 45397 | R79: 45405 | W79: rohaafnan@gmail.com | X79: 1643482760 | Z79: MD. Osman Sarker | AA79: 1613384837 | AB79: Father | AC79: AB- | AD79: 34441 | AE79: =((TODAY())-AD79)/365 -> 30.838356 | AF79: Islam | AG79: 2397906369 | AH79: N/A | AI79: B.B.S | AJ79: N/A | AK79: 2014 | AL79: Gazipur Govt. Mohila College | AM79: MD. Osman Goni Sarker | AN79: MST. Nur Zahan | AO79: 5/1 Samaj kolyan road, Datta para, Tongi, Gazipur | AP79: House No: 37, Ward No: 16, Paler para, Union: Bason, Gazipur Sadar | AQ79: Tongi | AR79: Unmarried | AS79: N/A | AT79: N/A | AU79: N/A | AV79: N/A | AW79: N/A | AX79: N/A | AY79: N/A | AZ79: N/A | BA79: Active | BB79: 10800 | BC79: 2700 | BD79: 0 | BE79: Morning | BK79: 1911930001
A80: 171419 | C80: naihe22op | D80: Sumiya Khatun | E80: Female | F80: 1112865300 | G80: CSO | H80: Content Moderator | I80: Operations | J80: Sports & shoes & bags & special women clothing | K80: TEMU | L80: Fixed | M80: Md Mehedi Hasan | N80: Asif Iqbal | O80: Ashraful Haq | P80: 26 | Q80: 45397 | R80: 45405 | W80: Sumiyace18@gmail.com | X80: 1604487328 | Z80: MD. Abu Taher Mia | AA80: 1925608282 | AB80: Father | AC80: B+ | AD80: 36285 | AE80: =((TODAY())-AD80)/365 -> 25.786301 | AF80: Islam | AG80: 7811317820 | AH80: N/A | AI80: BSC | AJ80: N/A | AK80: 2022 | AL80: World University of Bangladesh | AM80: MD. Abu Taher Mia | AN80: Mst. Sharifun begum | AO80: House:23, Road:05, Nikunjo-2, Khilkhet 12012 | AP80: Vill: Munshefpur, P.O: Ranirhat , Thana: Shajahanpur, District:Bogra. | AQ80: Nikunjo-2 | AR80: Unmarried | AS80: N/A | AT80: N/A | AU80: N/A | AV80: N/A | AW80: N/A | AX80: N/A | AY80: N/A | AZ80: N/A | BA80: Active | BB80: 10800 | BC80: 2700 | BD80: 0 | BE80: Morning
A81: 171421 | C81: zhulan27op | D81: Jannat Prianka | E81: Female | F81: 981559 | G81: CSO | H81: Content Moderator | I81: Operations | J81: Beauty & accessory | K81: TEMU | L81: Fixed | M81: Sabrina Sultana Mou | N81: Asif Iqbal | O81: Ashraful Haq | P81: 26 | Q81: 45397 | R81: 45413 | W81: Jannatprianka89@gmail | X81: 1629541617 | Y81: 1751764858 | Z81: Md Sahbuddin | AA81: 1751764868 | AB81: Father | AC81: O+ | AD81: 35626 | AE81: =((TODAY())-AD81)/365 -> 27.591781 | AF81: Islam | AG81: 8258716367 | AH81: N/A | AI81: Post graduation | AJ81: N/A | AK81: 2022 | AL81: Tejgaon college | AM81: Md Sahbuddin | AN81: Shilpi | AO81: Purbo sekhdi,suvhecca tower,gobindopur bazar, Soniakra, Dhaka | AP81: Vill-jagatpur, po-mirpur,thana-laxmipur, zila- laxmipur. | AQ81: Soniakra | AR81: Unmarried | AS81: N/A | AT81: N/A | AU81: N/A | AV81: N/A | AW81: N/A | AX81: N/A | AY81: N/A | AZ81: N/A | BA81: Active | BB81: 10800 | BC81: 2700 | BD81: 0 | BE81: Morning
A82: 171424 | C82: Genex149 | D82: Mohammad Nasim | E82: Male | F82: 1210566990 | G82: CSO | H82: Content Moderator | I82: Operations | J82: BG Platform Governance Requirements | K82: TEMU | L82: Fixed | M82: Rakib Ahsan | N82: Asif Iqbal | O82: Ashraful Haq | P82: 26 | Q82: 45397 | R82: 45423 | W82: shakilhosain3060@gmail.com | X82: 1904071323 | Y82: 1969766616 | Z82: Zia Uddin | AA82: 1969766616 | AB82: Father | AC82: A+ | AD82: 36227 | AE82: =((TODAY())-AD82)/365 -> 25.945205 | AF82: Islam | AG82: 1505034981 | AH82: N/A | AI82: Graduate | AJ82: N/A | AK82: 2021 | AL82: National University | AM82: Zia Uddin | AN82: Shrina Begum | AO82: Hazi abbas ali lane,uttar badda,dhaka-1212 | AP82: Jamalpur sadar, jamalpur | AQ82: Uttar Badda | AR82: Unmarried | AS82: N/A | AT82: NA | AU82: N/A | AV82: N/A | AW82: N/A | AX82: N/A | AY82: N/A | AZ82: N/A | BA82: Active | BB82: 10800 | BC82: 2700 | BD82: 1000 | BE82: Evening
A83: 171425 | C83: Genex150 | D83: MD Ashikuzzaman | E83: Male | F83: 882925 | G83: CSO | H83: Content Moderator | I83: Operations | J83: BG Platform Governance Requirements | K83: TEMU | L83: Fixed | M83: Md. Tanjir Ahmed | N83: Asif Iqbal | O83: Ashraful Haq | P83: 26 | Q83: 45397 | R83: 45423 | W83: princeashik2015@gmail.com | X83: 1850400615 | Y83: 1850400615 | Z83: Shamsuzzaman | AA83: 1711576563 | AB83: Father | AC83: B+ | AD83: 32935 | AE83: =((TODAY())-AD83)/365 -> 34.964384 | AF83: Islam | AG83: 3286958016 | AH83: N/A | AI83: MBA | AJ83: N/A | AK83: 2015 | AL83: National University | AM83: Shamsuzzaman | AN83: Dolena Begum | AO83: Palash darihawlapara, palash ,Narsingdi | AP83: Road 4 , House 27 ,Nikunjo, Khilkat , Dhaka-1229 | AQ83: Khilkhat | AR83: Married | AS83: Rajhia Akter | AT83: 44959 | AU83: N/A | AV83: N/A | AW83: N/A | AX83: N/A | AY83: N/A | AZ83: N/A | BA83: Active | BB83: 10800 | BC83: 2700 | BD83: 1000 | BE83: Evening
A84: 171430 | C84: Genex155 | D84: Prince Paul Joy | E84: Male | F84: 1111469551 | G84: CSO | H84: Content Moderator | I84: Operations | J84: BG Platform Governance Requirements | K84: TEMU | L84: Fixed | M84: Mohammad Joshim | N84: Asif Iqbal | O84: Ashraful Haq | P84: 26 | Q84: 45397 | R84: 45416 | W84: Princepauljoy@gmail.com | X84: 1830848193 | Z84: Hasan | AA84: 1732-072178 | AB84: Brother | AC84: AB+ | AD84: 35756 | AE84: =((TODAY())-AD84)/365 -> 27.235616 | AF84: Hindu | AG84: 6002998653 | AH84: N/A | AI84: BBA | AJ84: N/A | AK84: 2021 | AL84: Southeast Univeraity | AM84: Birendra paul | AN84: Bakul rani paul | AO84: H-51,R-19,Nikunja-2,Khilkhet,Dhaka,Bangladesh | AP84: Mogra,Gangasagar,Akhaura,Brahmanbaria | AQ84: Khilkhet | AR84: Unmarried | AS84: N/A | AT84: N/A | AU84: N/A | AV84: N/A | AW84: N/A | AX84: N/A | AY84: N/A | AZ84: N/A | BA84: Active | BB84: 10800 | BC84: 2700 | BD84: 1000 | BE84: Evening
A85: 171431 | C85: Genex156 | D85: Sajib Sutradhar | E85: Male | F85: 1111441391 | G85: CSO | H85: Content Moderator | I85: Operations | J85: BG Platform Governance Requirements | K85: TEMU | L85: Fixed | M85: Rakib Ahsan | N85: Asif Iqbal | O85: Ashraful Haq | P85: 26 | Q85: 45397 | R85: 45415 | W85: dharsajib710@gmail.com | X85: 1817939836 | Y85: 1330858545 | Z85: linclon | AA85: 1624754005 | AB85: Brother | AC85: O+ | AD85: 35996 | AE85: =((TODAY())-AD85)/365 -> 26.578082 | AF85: Hindu | AG85: 19981915428000000 | AH85: N/A | AI85: graduation | AJ85: N/A | AK85: 2021 | AL85: National University | AM85: Santosh Sutradhar | AN85: Mamata Rani Sutradhar | AO85: khilkhet | AP85: Homna , cumilla | AQ85: Khilkhet | AR85: Unmarried | AS85: N/A | AT85: N/A | AU85: N/A | AV85: N/A | AW85: N/A | AX85: N/A | AY85: N/A | AZ85: N/A | BA85: Active | BB85: 10800 | BC85: 2700 | BD85: 1000 | BE85: Evening
A86: 171440 | C86: xisailuo1op | D86: Fatema Akter | E86: Female | F86: 1010940108 | G86: CSO | H86: Content Moderator | I86: Operations | J86: Home 1 | K86: TEMU | L86: Fixed | M86: Sabrina Sultana Mou | N86: Asif Iqbal | O86: Ashraful Haq | P86: 27 | Q86: 45408 | R86: 45415 | W86: fatema012022@gmail.com | X86: 1644336594 | Z86: Taslima begum | AA86: 1764129022 | AB86: Mother | AC86: O+ | AD86: 35657 | AE86: =((TODAY())-AD86)/365 -> 27.506849 | AF86: Islam | AG86: 6915004342 | AH86: N/A | AI86: BBA | AJ86: N/A | AK86: 2022 | AL86: Uttara sorder suruz zaman mohila college | AM86: Jahirul islam | AN86: Taslima begum | AO86: Uttara airport norddapara | AP86: Vill:khelpara, p.o: chatkhel,p.s: chatkhel,dist: Noakhali | AQ86: Airport | AR86: Unmarried | AS86: N/A | AT86: N/A | AU86: N/A | AV86: N/A | AW86: N/A | AX86: N/A | AY86: N/A | AZ86: N/A | BA86: Active | BB86: 10800 | BC86: 2700 | BD86: 0 | BE86: Morning
A87: 171441 | D87: Rahad Md Sabbir | E87: Male | F87: 437658 | G87: CSO | H87: Content Moderator | I87: Operations | J87: Home 2 | K87: TEMU | L87: Fixed | M87: Abdulla Al Mamun | N87: Asif Iqbal | O87: Ashraful Haq | P87: 27 | Q87: 45408 | R87: 45417 | W87: rmsabbir89@gmail.com | X87: 1935965685 | Y87: 1985781008 | Z87: Din Mohammed Bhuyan | AA87: 1985781008 | AB87: Father | AC87: B+ | AD87: 35348 | AE87: =((TODAY())-AD87)/365 -> 28.353425 | AF87: Islam | AG87: 9552941826 | AH87: N/A | AI87: Degree | AJ87: N/A | AK87: 2020 | AL87: Uttara town College | AM87: Din Mohammed Bhuyan | AN87: Kazi Rashid Begum | AO87: Gawair,Kazi Road Dhakhin khan, Dhaka -1230 | AP87: Village : chowra Kazi bari, Kaliganj Gazipur | AQ87: Airport | AR87: Unmarried | AS87: N/A | AT87: N/A | AU87: N/A | AV87: N/A | AW87: N/A | AX87: N/A | AY87: N/A | AZ87: N/A | BA87: Active | BB87: 10800 | BC87: 2700 | BD87: 0 | BE87: Morning
A88: 171447 | C88: naihe72op | D88: Afroja Akhi | E88: Female | F88: 1110249913 | G88: CSO | H88: Content Moderator | I88: Operations | J88: Sports & shoes & bags & special women clothing | K88: TEMU | L88: Fixed | M88: Md Mehedi Hasan | N88: Asif Iqbal | O88: Ashraful Haq | P88: 27 | Q88: 45408 | R88: 45413 | W88: afrojaakhi12@gmail.com | X88: 1533058698 | Z88: Md. Tanvir Ahmed | AA88: 1567832406 | AB88: Husband | AC88: O+ | AD88: 35933 | AE88: =((TODAY())-AD88)/365 -> 26.750685 | AF88: Islam | AG88: 3754904336 | AH88: N/A | AI88: BBA | AJ88: N/A | AK88: 2020 | AL88: Siddheswari Girls College | AM88: Ashraf Ali | AN88: Nazma Begum | AO88: House no- N/2, BG Press Stuff Quarter | AP88: House no-47, block -A, Vatara main road, Notun Bazar | AQ88: Tejgoan I/A | AR88: Married | AS88: Md. Tanvir Ahmed | AT88: 36400 | AU88: N/A | AV88: N/A | AW88: N/A | AX88: N/A | AY88: N/A | AZ88: N/A | BA88: Active | BB88: 10800 | BC88: 2700 | BD88: 0 | BE88: Morning
A89: 171450 | C89: xisailuo37op | D89: Rasel Tripura | E89: Male | F89: 376301 | G89: CSO | H89: Content Moderator | I89: Operations | J89: Home 1 | K89: TEMU | L89: Fixed | M89: Halima akter | N89: Asif Iqbal | O89: Ashraful Haq | P89: 27 | Q89: 45408 | R89: 45413 | W89: tripurarhl@gmail.com | X89: 1818573788 | Y89: 1533894296 | Z89: Upendra Tripura | AA89: 1533894296 | AB89: Father | AC89: A+ | AD89: 34429 | AE89: =((TODAY())-AD89)/365 -> 30.871233 | AF89: Hindu | AG89: 1.9944462e+16 | AH89: Not | AI89: Graduation | AJ89: N/A | AK89: 2021 | AL89: Green university of Bangladesh | AM89: Upendra Tripura | AN89: Nomita tripura | AO89: Kazipara,mipur, Dhaka | AP89: Khagrapur, khagrachori sodor, chitangong, Bangladesh | AQ89: Mirpur | AR89: Unmarried | AS89: Not | AT89: Not | AU89: Not | AV89: Not | AW89: N/A | AX89: N/A | AY89: N/A | AZ89: N/A | BA89: Active | BB89: 10800 | BC89: 2700 | BD89: 0 | BE89: Morning | BK89: 1818573788
A90: 171454 | C90: naihe73op | D90: Nadia Esrat Ifti Sowa | E90: Female | F90: 1310536028 | G90: CSO | H90: Content Moderator | I90: Operations | J90: Sports & shoes & bags & special women clothing | K90: TEMU | L90: Fixed | M90: Md Mehedi Hasan | N90: Asif Iqbal | O90: Ashraful Haq | P90: 27 | Q90: 45408 | R90: 45413 | W90: nadiaesratifti.green@gmail.com | X90: 1942551040 | Y90: 1942551040 | Z90: Majba | AA90: 1317020309 | AB90: Friend | AC90: A+ | AD90: 36515 | AE90: =((TODAY())-AD90)/365 -> 25.156164 | AF90: Islam | AG90: 7804450430 | AH90: N/A | AI90: BSc in CSE | AJ90: N/A | AK90: 2024 | AL90: Green University of Bangladesh | AM90: Al Emran | AN90: Nazma Akter | AO90: House 12 Road 09 Nikunju-2 | AP90: Village: Amtola, union: Mograpara, Thana: Sonargaon, District: Narayanganj | AQ90: Nikunju-2 | AR90: Unmarried | AS90: N/A | AT90: N/A | AU90: N/A | AV90: N/A | AW90: N/A | AX90: N/A | AY90: N/A | AZ90: N/A | BA90: Active | BB90: 10800 | BC90: 2700 | BD90: 0 | BE90: Morning
A91: 171457 | C91: xisailuo34op | D91: Most. Sheuti Akter | E91: Female | F91: 1212611783 | G91: CSO | H91: Content Moderator | I91: Operations | J91: Home 1 | K91: TEMU | L91: Fixed | M91: Halima akter | N91: Asif Iqbal | O91: Ashraful Haq | P91: 27 | Q91: 45408 | R91: 45413 | W91: sheutiakter.190305@gmail.com | X91: 1957750288 | Z91: Rokibul Islam | AA91: 1784070801 | AB91: Husband | AC91: O+ | AD91: 36892 | AE91: =((TODAY())-AD91)/365 -> 24.123288 | AF91: Islam | AG91: 1511067322 | AH91: N/A | AI91: B pharm honour | AJ91: N/A | AK91: 2022 | AL91: Varendra university | AM91: Md. Raqibul Islam | AN91: Binte mosira chhoby | AO91: Mirpur 12, block D | AP91: Najirpur kochia para,rajabari,godagari,rajshahi | AQ91: Mirpur | AR91: Married | AS91: Rokibul Islam | AT91: 36234 | AU91: N/A | AV91: N/A | AW91: N/A | AX91: N/A | AY91: N/A | AZ91: N/A | BA91: Active | BB91: 10800 | BC91: 2700 | BD91: 0 | BE91: Morning
A92: 171458 | C92: xushiyu7op | D92: Tasneem Tamanna | E92: Female | F92: 1212605247 | G92: CSO | H92: Content Moderator | I92: Operations | J92: Women clothing | K92: TEMU | L92: Fixed | M92: Mizanur Rahman | N92: Asif Iqbal | O92: Ashraful Haq | P92: 27 | Q92: 45408 | R92: 45413 | W92: tamannatasneem30@gmail.com | X92: 1755118705 | Z92: S. Rumana Mahbub | AA92: 1300331014 | AB92: Sister | AC92: AB+ | AD92: 36786 | AE92: =((TODAY())-AD92)/365 -> 24.413699 | AF92: Islam | AG92: 2859902963 | AH92: N/A | AI92: Honours | AJ92: N/A | AK92: 2023 | AL92: Varendro University | AM92: S.M. Mahbubur Rahman | AN92: S. Rumana Mahbub | AO92: 19/2 Government Officer's quarter, Sector no-8 , Uttora, Dhaka | AP92: West quarter -74/E, Rajshahi University | AQ92: Uttora | AR92: Unmarried | AS92: N/A | AT92: N/A | AU92: N/A | AV92: N/A | AW92: N/A | AX92: N/A | AY92: N/A | AZ92: N/A | BA92: Active | BB92: 10800 | BC92: 2700 | BD92: 0 | BE92: Morning
A93: 171460 | C93: heibulin41op | D93: Tanvir Ahmed Chowdhury | E93: Male | F93: 581711 | G93: CSO | H93: Content Moderator | I93: Operations | J93: Home 2 | K93: TEMU | L93: Fixed | M93: Abdulla Al Mamun | N93: Asif Iqbal | O93: Ashraful Haq | P93: 27 | Q93: 45408 | R93: 45413 | W93: twl7071@gmail.com | X93: 1836738378 | Z93: MD Hasan | AA93: 1600369413 | AB93: Friend | AC93: A+ | AD93: 32509 | AE93: =((TODAY())-AD93)/365 -> 36.131507 | AF93: Islam | AG93: 7793387361 | AH93: N/A | AI93: Bachelor | AJ93: N/A | AK93: 2019 | AL93: Bangladesh Open University | AM93: Mohammad Shahidullah Chowdhury | AN93: Johora Begum Chowdhury | AO93: 3d floor, Mohammadia Market building, Block-C, Mirpur-11, Pallabi, Dhaka. | AP93: Chowdhury Bari, Shere Bangla Nagar, Bandarban sadar, Bandarban. | AQ93: Mirpur | AR93: Unmarried | AS93: N/A | AT93: N/A | AU93: N/A | AV93: N/A | AW93: N/A | AX93: N/A | AY93: N/A | AZ93: N/A | BA93: Active | BB93: 10800 | BC93: 2700 | BD93: 0 | BE93: Morning
A94: 171461 | C94: xisailuo35op | D94: Sumaya Akhter | E94: Female | F94: 1310588269 | G94: CSO | H94: Content Moderator | I94: Operations | J94: Home 1 | K94: TEMU | L94: Fixed | M94: Halima akter | N94: Asif Iqbal | O94: Ashraful Haq | P94: 27 | Q94: 45408 | R94: 45413 | W94: Sumiyabithe668@.com | X94: 1767125882 | Y94: 1929739806 | Z94: Masuma Begum | AA94: 1929739806 | AB94: Mother | AC94: B+ | AD94: 36795 | AE94: =((TODAY())-AD94)/365 -> 24.389041 | AF94: Islam | AG94: 6914521510 | AH94: N/A | AI94: B.B.A(honours) | AJ94: N/A | AK94: 2023 | AL94: University of Dhaka (affiliated 7 College) | AM94: Abul Kalam Azad. | AN94: Masuma Begum | AO94: Mollertek, Dhakshinkhan, Dhaka-1230 | AP94: V:sarukhali, P.O: Hizaltola, P.S:Saheberhat, Barishal. | AQ94: Airport | AR94: Unmarried | AS94: N/A | AT94: N/A | AU94: N/A | AV94: N/A | AW94: N/A | AX94: N/A | AY94: N/A | AZ94: N/A | BA94: Active | BB94: 10800 | BC94: 2700 | BD94: 0 | BE94: Morning | BK94: 1767125882
A95: 171462 | C95: naihe57op | D95: Tanjila Akbar Lia | E95: Female | F95: 332539 | G95: CSO | H95: Content Moderator | I95: Operations | J95: Sports & shoes & bags & special women clothing | K95: TEMU | L95: Fixed | M95: Md Mehedi Hasan | N95: Asif Iqbal | O95: Ashraful Haq | P95: 27 | Q95: 45408 | R95: 45415 | W95: tanjilalia2019@gmail.com | X95: 1739803012 | Z95: Mizanur Rahaman | AA95: 1778441476, 167190966 | AB95: Maternal Uncle ( Both) | AC95: O+ | AD95: 34319 | AE95: =((TODAY())-AD95)/365 -> 31.172603 | AF95: Islam | AG95: 5084621340 | AH95: N/A | AI95: M.B.A | AJ95: N/A | AK95: 2021 | AL95: Dhaka city college | AM95: MD. Anisul Akbar | AN95: NurJahan khatun | AO95: Nikunjo:2 House:27 Road :02 khilkhet.Dhaka | AP95: Loan office para.jashore.House 88 | AQ95: Nikunjo:2 | AR95: Unmarried | AS95: N/A | AT95: N/A | AU95: N/A | AV95: N/A | AW95: N/A | AX95: N/A | AY95: N/A | AZ95: N/A | BA95: Active | BB95: 10800 | BC95: 2700 | BD95: 0 | BE95: Morning | BK95: 1739803012
A96: 171465 | C96: naihe59op | D96: Mousumi Sultana | E96: Female | F96: 530082 | G96: CSO | H96: Content Moderator | I96: Operations | J96: Sports & shoes & bags & special women clothing | K96: TEMU | L96: Fixed | M96: Md Mehedi Hasan | N96: Asif Iqbal | O96: Ashraful Haq | P96: 28 | Q96: 45419 | R96: 45434 | W96: mousumisultanamousumi67@gmail.com | X96: 1756009301 | Y96: 1945742674 | Z96: MD. Rafiqul Islam | AA96: 1945742674 | AB96: Father | AC96: O+ | AD96: 33409 | AE96: =((TODAY())-AD96)/365 -> 33.665753 | AF96: Islam | AG96: 5085056967 | AH96: N/A | AI96: BBA | AJ96: N/A | AK96: 2015 | AL96: East West University | AM96: MD.Rafiqul Islam | AN96: MST. Razina Bugum | AO96: Area: Ashkona, Po: Dakshin Khan, Ps:Dakshin Khan, Dist: Dhaka | AP96: Area: Ashkona, Po: Dakshin Khan, Ps:Dakshin Khan, Dist: Dhaka | AQ96: Ashkona,Airport | AR96: Unmarried | AS96: N/A | AT96: N/A | AU96: N/A | AV96: N/A | AW96: N/A | AX96: N/A | AY96: N/A | AZ96: N/A | BA96: Active | BB96: 10800 | BC96: 2700 | BD96: 0 | BE96: Morning | BK96: 1911118298
A97: 171468 | C97: zhulan10op | D97: Ridhay Sharker | E97: Male | F97: 397603 | G97: CSO | H97: Content Moderator | I97: Operations | J97: Beauty & accessory | K97: TEMU | L97: Fixed | M97: Sabrina Sultana Mou | N97: Asif Iqbal | O97: Ashraful Haq | P97: 28 | Q97: 45419 | R97: 45434 | W97: ridhay4000@gmail.com | X97: 1937150947 | Y97: 1710928221 | Z97: Mother | AA97: 1721252203 | AB97: Mother | AC97: B+ | AD97: 31734 | AE97: =((TODAY())-AD97)/365 -> 38.254795 | AF97: Hindu | AG97: 1943442770 | AH97: N/A | AI97: Post Graduation (MSS) | AJ97: N/A | AK97: 2015 | AL97: Govt. Titumir College, Dhaka. | AM97: Khitindra Sharker | AN97: Basana Sharker | AO97: Ka-186, Kuril, Vatara, Dhaka-1229. | AP97: Vill: Shoverampur, PO: Bajitpur, PS: Bajitpur, Dist: Kishoreganj. | AQ97: Kuril | AR97: Married | AS97: N/A | AT97: 15/07/1993 | AU97: Isaka | AV97: N/A | AW97: N/A | AX97: N/A | AY97: N/A | AZ97: N/A | BA97: Active | BB97: 10800 | BC97: 2700 | BD97: 0 | BE97: Morning | BK97: 1937150947
A98: 171471 | C98: AhmedIslam | D98: Ahmed Islam | E98: Male | F98: 1410949036 | G98: CSO | H98: Content Moderator | I98: Operations | J98: English Customer Service Audio Transcription | K98: TEMU | L98: Fixed | M98: Halima akter | N98: Asif Iqbal | O98: Ashraful Haq | P98: 28 | Q98: 45419 | R98: 45428 | W98: greenahmedislam@gmail.com | X98: 1521326041 | Y98: 1819486114 | Z98: Hasina Islam | AA98: 1819486114 | AB98: Mother | AC98: O+ | AD98: 36954 | AE98: =((TODAY())-AD98)/365 -> 23.953425 | AF98: Islam | AG98: 1964270464 | AH98: N/A | AI98: BSC | AJ98: N/A | AK98: 2024 | AL98: Green University of Bangladesh | AM98: Al Aminul Islam ( MD.Amin) | AN98: Hasina Islam | AO98: 464/3/1 ulon road west rampura Dhaka -1219 | AP98: 464/3/1 ulon road west rampura Dhaka -1219 | AQ98: Rampura | AR98: Unmarried | AS98: Mst. Ferdoushi Akter | AT98: N/A | AU98: N/A | AV98: N/A | AW98: N/A | AX98: N/A | AY98: N/A | AZ98: N/A | BA98: Active | BB98: 10800 | BC98: 2700 | BD98: 0 | BE98: Morning | BK98: 1973941344
A99: 171472 | C99: heibulin33op | D99: Md. Parvez Mia | E99: Male | F99: 1410461651 | G99: CSO | H99: Content Moderator | I99: Operations | J99: Home 2 | K99: TEMU | L99: Fixed | M99: Abdulla Al Mamun | N99: Asif Iqbal | O99: Ashraful Haq | P99: 28 | Q99: 45419 | R99: 45434 | W99: mdparvezmiaofficial@gmail.com | X99: 1711139417 | Z99: Md. Loskor Ali | AA99: 1970601552 | AB99: Father | AC99: O+ | AD99: 36545 | AE99: =((TODAY())-AD99)/365 -> 25.073973 | AF99: Islam | AG99: 1030575151 | AH99: N/A | AI99: Professional BBA | AJ99: N/A | AK99: 2023 | AL99: Tejgaon College, Dhaka | AM99: Md. Loskor Ali | AN99: Mst. Parvin Begum | AO99: Flat: 4A, House: 250, Road: 09, Block: I, Bashundhara Residential Area, Vatara, Dhaka 1229. | AP99: House: Mia Bari, Village: Dakshin Kismat Zilla, PS: Islampur, PO: Islampur, Dist: Jamalpur 2020 | AQ99: Bashundhara Residential Area | AR99: Unmarried | AS99: N/A | AT99: N/A | AU99: N/A | AV99: N/A | AW99: N/A | AX99: N/A | AY99: N/A | AZ99: N/A | BA99: Active | BB99: 10800 | BC99: 2700 | BD99: 0 | BE99: Morning | BK99: 1711139417
A100: 171474 | D100: Md Ikbal Hossain Mojumder | E100: Male | F100: 566701 | G100: CSO | H100: Content Moderator | I100: Operations | J100: Home 2 | K100: TEMU | L100: Fixed | M100: Halima akter | N100: Asif Iqbal | O100: Ashraful Haq | P100: 28 | Q100: 45419 | R100: 45434 | W100: ikbalmojumder1@gmail.com | X100: 1819148012 | Z100: Ropon | AA100: 1303131139 | AB100: Brother | AC100: O+ | AD100: 35267 | AE100: =((TODAY())-AD100)/365 -> 28.575342 | AF100: Islam | AG100: 8703314487 | AH100: N/A | AI100: MSS | AJ100: N/A | AK100: 2019 | AL100: Habibullah Bahar College, Dhaka | AM100: Md. Mokbul Hossain Mojumder | AN100: Khodeza Begum | AO100: House # 151/22/A, Road-2 Tarabagh, Khilgaon Dhaka-1219. | AP100: Vill: Tulatuli P.O: Bijoypur P.S: Cumilla Sadar South Dist: Cumilla. | AQ100: Khilgaon | AR100: Unmarried | AS100: N/A | AT100: N/A | AU100: N/A | AV100: N/A | AW100: N/A | AX100: N/A | AY100: N/A | AZ100: N/A | BA100: Active | BB100: 10800 | BC100: 2700 | BD100: 0 | BE100: Morning | BK100: 1819148012
...

Sheet Inactive
A1: Employee ID | B1: Process ID | C1: Login ID | D1: Employee Name | E1: Gender | F1: SSC Reg Num. | G1: Designation | H1: Functional Designation/Job Role | I1: Department | J1: Process Segment (LOB) | K1: Process | L1: Employment Type | M1: Sup 1 | N1: Sup 2 | O1: HoD | P1: Training Batch | Q1: DOT | R1: DOJ | S1: Contractual Transfer DOJ | T1: Permanent Transfer DOJ | U1: New Role DOJ | V1: Pool Phone | W1: Email | X1: Contact# | Y1: Alt. Cont# | Z1: Emergency Contact Person | AA1: Emergency Number | AB1: Rel. with Employee | AC1: Blood Group | AD1: DOB | AE1: Age | AF1: Religion | AG1: NID# | AH1: Passport# | AI1: Academic Qualification | AJ1: Education Pursuing | AK1: Pursuing Eduction End Year | AL1: Institution | AM1: Father's Name | AN1: Mother's Name | AO1: Present Address | AP1: Permanent Address | AQ1: Location | AR1: Marital Status | AS1: Spouse Name | AT1: Spouse DOB | AU1: Child-1 Name | AV1: Child-1 DOB | AW1: Child-2 Name | AX1: Child-2 DOB | AY1: Child-3 Name | AZ1: Child-3 DOB | BA1: Status | BB1: Rate 1 | BC1: Rate 2 | BD1: Rate 3 | BE1: Shift | BF1: Previous Employee ID | BG1: Previous Process | BH1: Separation Type | BI1: Inactive Date | BJ1: Reason | BK1: Tenure | BL1: MDB Update | BM1: Official email ID | BN1: HR Comments | BO1: Bkash Number
A2: 171052 | D2: Md.Obit Hassan Orid | E2: Male | F2: 954554 | G2: CSO | H2: Moderator | I2: Operation | J2: Content Moderation and Data Annotation | K2: Temu | L2: Apprentice Fixed | M2: Halima Akter | N2: Asif Iqbal | O2: Abdallah Shaadh Rahman | P2: Temu Batch-3 | Q2: 45033 | R2: 45040 | W2: obitassanorid@gmail.com | X2: 1853024234 | Z2: Suborna | AA2: 1643436022 | AB2: Wife | AC2: A+ | AD2: 35557 | AE2: 26.958904 | AF2: Islam | AG2: 4208022964 | AH2: N/A | AI2: Undergraduate | AJ2: Hon's (3rd year) | AK2: 2025 | AL2: Mirpur college | AM2: Abul hossain | AN2: Aiju begum | AO2: H-19,R-24,Ave-5,Block-C,Section-11,Mirpur Dhaka-1216 | AP2: H-19,R-24,Ave-5,Block-C,Section-11,Mirpur Dhaka-1216 | AQ2: H-19,R-24,Ave-5,Block-C,Section-11,Mirpur Dhaka-1216 | AR2: Married | BA2: Agent | BB2: 12000 | BC2: 3000 | BD2: 0 | BE2: Morning | BF2: 160764 | BG2: Netstar | BH2: Separated | BI2: =VLOOKUP(A2,'ID Block'!A:L,12,0) -> 45066 | BJ2: =VLOOKUP(A2,'ID Block'!A:M,13,0) -> Unauthorized absent | BK2: =BI2-R2 -> 26 | BL2: Done
A3: 171034 | D3: Dipankar Saha Dipto | E3: Male | F3: - | G3: CSO | H3: Moderator | I3: Operation | J3: - | K3: Temu | L3: Apprentice Fixed | M3: OJT | N3: Asif Iqbal | O3: Abdallah Shaadh Rahman | P3: Temu Batch-3 | Q3: 45033 | R3: 45040 | W3: - | X3: - | Y3: - | Z3: - | AA3: - | AB3: - | AC3: - | AD3: - | AE3: #VALUE! | AF3: - | AG3: - | AH3: N/A | AI3: - | AJ3: - | AK3: - | AL3: - | AM3: - | AN3: - | AO3: - | AP3: - | AQ3: - | AR3: - | BA3: Agent | BB3: 10800 | BC3: 2700 | BD3: 0 | BE3: Morning | BF3: 161739 | BG3: Netstar | BH3: Separated | BI3: =VLOOKUP(A3,'ID Block'!A:L,12,0) -> 45047 | BJ3: =VLOOKUP(A3,'ID Block'!A:M,13,0) -> Unauthorized absent | BK3: =BI3-R3 -> 7 | BL3: Done
A4: 171041 | D4: Fakrul Hasan Asif | E4: Male | F4: 1211884560 | G4: CSO | H4: Moderator | I4: Operation | J4: Content Moderation and Data Annotation | K4: Temu | L4: Apprentice Fixed | M4: Md. Fahim Hossain Hemal | N4: Asif Iqbal | O4: Abdallah Shaadh Rahman | P4: Temu Batch-3 | Q4: 45034 | R4: 45040 | W4: fukrulasif3891@gmail.com | X4: 1905119370 | Z4: Payer Ahmed | AA4: 1835343831 | AB4: Father | AC4: AB+ | AD4: 36128 | AE4: 25.394521 | AF4: Islam | AG4: 6454652337 | AH4: N/A | AI4: Undergraduate | AJ4: Computer Science and Engineering | AK4: 2024 | AL4: Bangladesh university of business and technology | AM4: Payer Ahmed | AN4: Fatema Begum | AO4: 170/2 pathowary house,Kuril chowrasta,kuril. | AP4: Ali Ajghar Patowary house,middle rampur,Feni sadar,Feni. | AQ4: 170/2 pathowary house,Kuril chowrasta,kuril. | AR4: Unmarried | BA4: Agent | BB4: 12000 | BC4: 3000 | BD4: 0 | BE4: Morning | BF4: 161296 | BG4: Netstar | BH4: Resignation | BI4: =VLOOKUP(A4,'ID Block'!A:L,12,0) -> 45078 | BJ4: =VLOOKUP(A4,'ID Block'!A:M,13,0) -> New Opportunity | BK4: =BI4-R4 -> 38 | BL4: Done
A5: 171065 | D5: Abdul Aual Arafat | E5: Male | G5: CSO | H5: Moderator | I5: Operation | K5: Temu | L5: Apprentice Fixed | M5: Abdul Moontakim Alif | N5: Asif Iqbal | O5: Abdallah Shaadh Rahman | P5: Temu Batch-7 | Q5: 45063 | R5: 45072 | X5: 1750770158 | AE5: 124.37534 | AF5: Islam | AH5: N/A | BA5: Agent | BB5: 12000 | BC5: 3000 | BD5: 0 | BE5: Morning | BF5: 161383 | BG5: Netstar | BH5: Resignation | BI5: =VLOOKUP(A5,'ID Block'!A:L,12,0) -> 45084 | BJ5: =VLOOKUP(A5,'ID Block'!A:M,13,0) -> Personal Issue | BK5: =BI5-R5 -> 12 | BL5: Done | BN5: Japanese language learning
A6: 171032 | D6: Mst Rammi Akter | E6: Female | F6: 639923 | G6: CSO | H6: Moderator | I6: Operation | J6: Content Moderation and Data Annotation | K6: Temu | L6: Apprentice Fixed | M6: Halima Akter | N6: Asif Iqbal | O6: Abdallah Shaadh Rahman | P6: Temu Batch-3 | Q6: 45033 | R6: 45040 | W6: rammiakter.bd@gmail.com | X6: 1785992222 | Z6: MD. Abdur Razzak | AA6: 1736704414 | AB6: Father | AC6: O+ | AD6: 34589 | AE6: 29.610959 | AF6: Islam | AG6: 8228652460 | AH6: B00338658 | AI6: Graduate | AJ6: N/A | AK6: N/A | AL6: National University | AM6: MD. Abdur Razzak | AN6: Mst. Nazma Begum | AO6: Uttara | AP6: Ullipur,Sherpur,Bogura | AQ6: Uttara | AR6: Unmarried | BA6: Agent | BB6: 10800 | BC6: 2700 | BD6: 0 | BE6: Morning | BF6: 161411 | BG6: Netstar | BH6: Resignation | BI6: =VLOOKUP(A6,'ID Block'!A:L,12,0) -> 45083 | BJ6: =VLOOKUP(A6,'ID Block'!A:M,13,0) -> New Opportunity | BK6: =BI6-R6 -> 43 | BL6: Done | BN6: New job opportunity
A7: 171047 | D7: Riad Abdullah | E7: Male | F7: 723061 | G7: CSO | H7: Moderator | I7: Operation | J7: Content Moderation and Data Annotation | K7: Temu | L7: Apprentice Fixed | M7: Halima Akter | N7: Asif Iqbal | O7: Abdallah Shaadh Rahman | P7: Temu Batch-3 | Q7: 45033 | R7: 45040 | W7: Abdullahriad003@gmail.com | X7: 1743674224 | Z7: Rahat Abdullah | AA7: 1312266277 | AB7: Brother | AC7: AB+ | AD7: 35188 | AE7: 27.969863 | AF7: Islam | AG7: 19966125205000104 | AH7: BX0139499 | AI7: Undergraduate | AJ7: BSC in CSE 3rd year | AK7: 2024 | AL7: Sonargaon University, Dhaka | AM7: Abdullahel Mahmud | AN7: Mahbuba Akhter | AO7: Tolarbagh, Mirpur-1, Dhaka | AP7: 28, Zilla school road, Mymensingh | AQ7: Mymensingh | AR7: Unmarried | BA7: Agent | BB7: 12000 | BC7: 3000 | BD7: 0 | BE7: Morning | BF7: 161039 | BG7: Netstar | BH7: Resignation | BI7: =VLOOKUP(A7,'ID Block'!A:L,12,0) -> 45082 | BJ7: =VLOOKUP(A7,'ID Block'!A:M,13,0) -> Personal Issue | BK7: =BI7-R7 -> 42 | BL7: Done | BN7: Personal issues (Resignation letter received on June 11, 2023
A8: 171054 | D8: Tajim Nur | E8: Female | F8: 1510793691 | G8: CSO | H8: Moderator | I8: Operation | J8: English Customer Service Audio Transcription | K8: Temu | L8: Apprentice Fixed | M8: Abdul Moontakim Alif | N8: Asif Iqbal | O8: Abdallah Shaadh Rahman | P8: Temu Batch-3 | Q8: 45033 | R8: 45040 | W8: tanjimnishu747@gmail.com | X8: 1813164079 | Z8: Taslima akter | AA8: 1782179040 | AB8: Mother | AC8: O+ | AD8: 37637 | AE8: 21.260274 | AF8: Islam | AG8: 20032692526350565 | AH8: A01695198 | AI8: Undergraduate | AJ8: Honour's Running | AK8: 2024 | AL8: Southern college | AM8: Nurun nubi | AN8: Taslima Akter | AO8: Kawla,ambagan p2/3 stuff quater | AP8: G.p.go 31/B middle badda Monoyara villa | AQ8: Badda | AR8: Unmarried | BA8: Agent | BB8: 10800 | BC8: 2700 | BD8: 0 | BE8: Morning | BF8: 160891 | BG8: Netstar | BH8: Resignation | BI8: =VLOOKUP(A8,'ID Block'!A:L,12,0) -> 45093 | BJ8: =VLOOKUP(A8,'ID Block'!A:M,13,0) -> Study purpose | BK8: =BI8-R8 -> 53 | BL8: Done | BN8: Study purpose
A9: 171013 | D9: Md Touhiduzzaman Bhuiyan | E9: Male | F9: 658732 | G9: CSO | H9: Moderator | I9: Operation | J9: Product's Review for Risk Control | K9: Temu | L9: Apprentice Fixed | M9: Md. Fahim Hossain Hemal | N9: Asif Iqbal | O9: Abdallah Shaadh Rahman | P9: Temu Batch-1 | Q9: 45023 | R9: 45032 | W9: Touhiduzamanbhuiyan17@gmail.com | X9: 1865653928 | Z9: Ummey Habiba | AA9: 1625267207 | AB9: Wife | AC9: B+ | AD9: 33832 | AE9: 31.684932 | AF9: Islam | AG9: 3297143749 | AH9: N/A | AI9: Undergraduate | AJ9: BBA | AK9: 2023 | AL9: Southeast university | AM9: Md Abdur Razzaque Bhuiyan | AN9: Nurun nahar | AO9: House:12/4, road: 01,kallyanpur,Dhaka | AP9: House:12/4, road: 01,kallyanpur,Dhaka | AQ9: Mirpur, Dhaka | AR9: Married | BA9: Agent | BB9: 10800 | BC9: 2700 | BD9: 0 | BE9: Morning | BF9: 160336 | BG9: Netstar | BH9: Resignation | BI9: =VLOOKUP(A9,'ID Block'!A:L,12,0) -> 45094 | BJ9: =VLOOKUP(A9,'ID Block'!A:M,13,0) -> New Opportunity | BK9: =BI9-R9 -> 62 | BL9: Done | BN9: New job opportunity
A10: 171064 | D10: Khadiza Khanom Boby | E10: Female | F10: 1110366718 | G10: CSO | H10: Moderator | I10: Operation | J10: Content Moderation and Data Annotation | K10: TEMU | L10: Apprentice Fixed | M10: Halima Akter | N10: Asif Iqbal | O10: Abdallah Shaadh Rahman | P10: Temu Batch-7 | Q10: 45063 | R10: 45072 | W10: khadizakhanom245@gmail.com | X10: 1959026697 | Y10: N/A | Z10: MD.Bachu Mia | AA10: +8801731184594 | AB10: Father | AC10: B+ | AD10: 35456 | AE10: 27.235616 | AF10: Islam | AG10: 19972650898000000 | AH10: N/A | AI10: B.B.A | AJ10: N/A | AK10: N/A | AL10: Eden Mohila College | AM10: MD.Bachu Mia | AN10: Rina Akter | AO10: Brahmanbaria,District:Bacharampur,Village:achadnagar | AP10: Matikata Bazar,Dhaka Cantonment | AQ10: Brahmanbaria,District:Bacharampur,Village:achadnagar | AR10: Unmarried | BA10: Agent | BB10: 10800 | BC10: 2700 | BD10: 0 | BE10: Morning | BF10: 161098 | BG10: Netstar | BH10: Resignation | BI10: =VLOOKUP(A10,'ID Block'!A:L,12,0) -> 45097 | BJ10: =VLOOKUP(A10,'ID Block'!A:M,13,0) -> New Opportunity | BK10: =BI10-R10 -> 25 | BL10: Done | BM10: khadiza.boby@genex.com.bd | BN10: New job opportunity
A11: 171085 | C11: Genex027 | D11: Fazla Rabbi | E11: Male | F11: 1010734088 | G11: CSO | H11: Moderator | I11: Operation | J11: BG Platform Governance Requirements | K11: TEMU | L11: Apprentice Fixed | M11: Abdul Moontakim Alif | N11: Asif Iqbal | O11: Abdallah Shaadh Rahman | P11: Temu Batch-8 | Q11: 45077 | R11: 45090 | W11: rabbimahmud276@gmail.com | X11: 1716403297 | Y11: 1950406416 | Z11: Ehsanul kabir Avi | AA11: 1938848797 | AB11: Brother | AC11: B+ | AD11: 35445 | AE11: 27.265753 | AF11: Islam | AG11: 1.9978218e+16 | AH11: N/A | AI11: B.B.A | AJ11: MBA | AK11: 45137 | AL11: Rajbari Govt College | AM11: Sharafat karim | AN11: Nilufa Yesmin | AO11: House no-41/42,Road-2,Block -G(A),Section -6,Mirpur 10,Dhaka -1216 | AP11: Vill:Laxminarayanpur, Post:Banibho,Thana : Rajbari sadar ,Dist:Rajbari | AQ11: House no-41/42,Road-2,Block -G(A),Section -6,Mirpur 10,Dhaka -1216 | AR11: Unmarried | BA11: Agent | BB11: 10800 | BC11: 2700 | BD11: 2500 | BE11: Night | BH11: Separated | BI11: =VLOOKUP(A11,'ID Block'!A:L,12,0) -> 45091 | BJ11: =VLOOKUP(A11,'ID Block'!A:M,13,0) -> Unauthorized absent | BK11: =BI11-R11 -> 1 | BL11: Done
A12: 171007 | D12: Md. Sakil Ahamed | E12: Male | F12: 1115251923 | G12: CSO | H12: Moderator | I12: Operation | J12: Product's Review for Risk Control | K12: TEMU | L12: Apprentice Fixed | M12: Md. Fahim Hossain Hemal | N12: Asif Iqbal | O12: Abdallah Shaadh Rahman | P12: Temu Batch-1 | Q12: 45023 | R12: 45032 | W12: sakiltanzim@gmail.com | X12: 1630336594 | Z12: Md.Shajahan mia | AA12: 1718992506 | AB12: Father | AC12: A+ | AD12: 36161 | AE12: 25.30411 | AF12: Islam | AG12: 2404194751 | AH12: A05117759 | AI12: Graduate | AJ12: N/A | AK12: N/A | AL12: Govt. Brojumohon College | AM12: Md. Shajahan mia | AN12: Mukul begum | AO12: House no 13, road no 7,Nikunja 2,Khilkhet,Dhaka | AP12: Vill: meghia, post : chadpasha, Union:Madhapasha,dist: Barishal | AQ12: Nikunja 2,khilkhet | AR12: Unmarried | BA12: Agent | BB12: 10800 | BC12: 2700 | BD12: 0 | BE12: Morning | BF12: 161641 | BG12: Netstar | BH12: Resignation | BI12: =VLOOKUP(A12,'ID Block'!A:L,12,0) -> 45103 | BJ12: =VLOOKUP(A12,'ID Block'!A:M,13,0) -> Study purpose | BK12: =BI12-R12 -> 71 | BL12: Done | BM12: sakil.ahmed@genex.com.bd | BN12: Study purpose
A13: 171016 | D13: Md. Rabby | E13: Male | F13: 1314425385 | G13: CSO | H13: Moderator | I13: Operation | J13: Content Moderation and Data Annotation | K13: TEMU | L13: Apprentice Fixed | M13: Abdul Moontakim Alif | N13: Asif Iqbal | O13: Abdallah Shaadh Rahman | P13: Temu Batch-2 | Q13: 45029 | R13: 45042 | W13: mrabby1112@gmail.com | X13: 1785816292 | Z13: Rina Begum | AA13: 1879935183 | AB13: Mother | AC13: O+ | AD13: 36216 | AE13: 25.153425 | AF13: Islam | AG13: 19991591610136439 | AH13: N/A | AI13: Undergraduate | AJ13: BBA Final | AK13: 2024 | AL13: Uttar Kattali Nurul Haque Chowdhury University and College | AM13: Jahirul Islam | AN13: Rina Begum | AO13: Cherag Ali, Tongi | AP13: Barkhappan, Netrokona | AQ13: Tongi | AR13: Unmarried | BA13: Agent | BB13: 10800 | BC13: 2700 | BD13: 0 | BE13: Morning | BF13: 161581 | BG13: Netstar | BH13: Separated | BI13: =VLOOKUP(A13,'ID Block'!A:L,12,0) -> 45103 | BJ13: =VLOOKUP(A13,'ID Block'!A:M,13,0) -> Unethical Activities | BK13: =BI13-R13 -> 61 | BL13: Done | BM13: md.rabby@genex.com.bd | BN13: Forcefully resigned due to using abusing word toward a employee
A14: 171098 | D14: Dewa Raisul Islam Rohit | E14: Male | G14: CSO | H14: Moderator | I14: Operation | J14: Identification of the same product | K14: TEMU | L14: Apprentice Fixed | M14: Halima Akter | N14: Asif Iqbal | O14: Abdallah Shaadh Rahman | P14: Temu Batch-10 | Q14: 45110 | R14: 45113 | X14: 1302848048 | Z14: Zahidul Islam | AA14: 1932901290 | AB14: Brother in law | AC14: A+ | AD14: 36543 | AE14: 24.257534 | AF14: Islam | AG14: 9175257196 | AH14: N/A | AI14: Graduate | AJ14: N/A | AK14: N/A | AL14: IUBAT | AM14: Deoan Monzur Rahman | AN14: Deoan Salma Monju | AO14: R-11, H-35, Block D, Pallabi, Mirpur 12, Dhaka 1216 | AP14: Vill: Tewria, P.O: Choktail, P.S: Delduar, D: Tangail. | AQ14: Mirpur 12 | AR14: Unmarried | BA14: Agent | BB14: 10800 | BC14: 2700 | BD14: 0 | BE14: Morning | BF14: - | BG14: - | BH14: Resignation | BI14: =VLOOKUP(A14,'ID Block'!A:L,12,0) -> 45117 | BJ14: =VLOOKUP(A14,'ID Block'!A:M,13,0) -> New Opportunity | BK14: =BI14-R14 -> 4 | BL14: Done | BN14: New job opportunity
A15: 171067 | C15: Genex006 | D15: Md Shoyeb Rana | E15: Male | F15: 770102 | G15: CSO | H15: Moderator | I15: Operation | J15: BG Platform Governance Requirements | K15: TEMU | L15: Apprentice Fixed | M15: Abdul Moontakim Alif | N15: Asif Iqbal | O15: Abdallah Shaadh Rahman | P15: Temu Batch-8 | Q15: 45077 | R15: 45090 | W15: shoyebrana94@gmail.com | X15: 1674672004 | Y15: 1712922170 | Z15: Md Anar Mia | AA15: 1760207797 | AB15: Father | AC15: B+ | AD15: 34532 | AE15: 29.767123 | AF15: Islam | AG15: 8210764265A | AH15: A03557397 | AI15: B.B.S | AJ15: N/A | AK15: N/A | AL15: Govt.Gurudoyal College, Kishoreganj | AM15: Md Anar Mia | AN15: Mst Sheuli Begum | AO15: Area : Nikunjo 2, Road No 09,House : 25 , Thana : Khikhet , Dist : Dhaka | AP15: Vill : Sorarchor, Thana : Bajitpur,Dist : Kishorganj | AQ15: Nikunjo 2, Khikhet | AR15: Unmarried | BA15: Agent | BB15: 10800 | BC15: 2700 | BD15: 2500 | BE15: Night | BF15: - | BG15: - | BH15: Resignation | BI15: =VLOOKUP(A15,'ID Block'!A:L,12,0) -> 45115 | BJ15: =VLOOKUP(A15,'ID Block'!A:M,13,0) -> Health Issue | BK15: =BI15-R15 -> 25 | BL15: Done | BN15: Health Issue
A16: 171089 | D16: Sakib R Rahman | E16: Male | F16: 1215381237 | G16: CSO | H16: Moderator | I16: Operation | J16: Identification of the same product | K16: TEMU | L16: Apprentice Fixed | M16: Halima Akter | N16: Asif Iqbal | O16: Abdallah Shaadh Rahman | P16: Temu Batch-10 | Q16: 45110 | R16: 45113 | W16: sakibrrahman@gmail.com | X16: 1737211564 | Y16: 1303675113 | Z16: MD. Al Mamun | AA16: 1785571017 | AB16: Friend | AC16: O+ | AD16: 36272 | AE16: 24 | AF16: Islam | AG16: 8254856316 | AH16: N/A | AI16: HSC | AJ16: B.A. | AK16: 2024 | AL16: Patuakhali Govt College , Patuakhali | AM16: MD. Mizanur Rahman | AN16: Sobita Akter | AO16: House- 1/3/A, North Pirerbag, 60 Feet, Mirpur- 02, Dhaka. | AP16: Area- Fire Service Road, Patuakhali Sadar , Patuakhali | AQ16: Mirpur-02 | AR16: Unmarried | BA16: Agent | BB16: 10800 | BC16: 2700 | BD16: 0 | BE16: Morning | BF16: - | BG16: - | BH16: Separated | BI16: =VLOOKUP(A16,'ID Block'!A:L,12,0) -> 45117 | BJ16: =VLOOKUP(A16,'ID Block'!A:M,13,0) -> Unauthorized absent | BK16: =BI16-R16 -> 4 | BL16: Done
A17: 171072 | C17: Genex012 | D17: Md. Ashir Ahmed | E17: Male | F17: 1012663014 | G17: CSO | H17: Content Moderator | I17: Operation | J17: BG Platform Governance Requirements | K17: TEMU | L17: Apprentice Fixed | M17: Abdul Moontakim Alif | N17: Asif Iqbal | O17: Abdallah Shaadh Rahman | P17: Temu Batch-8 | Q17: 45077 | R17: 45090 | W17: ashirislam44@gmail.com | X17: 1773971286 | Y17: 1812365339 | Z17: Al Mostakima Rahman | AA17: 1317526252 | AB17: Wife | AC17: B+ | AD17: 35685 | AE17: 26.608219 | AF17: Islam | AG17: 6003067334 | AH17: A00075275 | AI17: B.B.A | AJ17: N/A | AK17: N/A | AL17: Pundra University Of Science And Technology | AM17: Md Abdul Hanna | AN17: Mst Afruja Begum | AO17: Area : 426/3 Shamim Soroni, West Shawrapara,Thana : Mirpur, Dist : Dhaka | AP17: Vill : Natai Purbo Para, Thana : Bogura Sadar Dist : Bogura | AQ17: Shamim Soroni, West Shawrapara, | AR17: Married | AS17: Al Mostakima Rahman | AT17: 36413 | BA17: Agent | BB17: 10800 | BC17: 2700 | BD17: 2500 | BE17: Night | BF17: - | BG17: - | BH17: Resignation | BI17: =VLOOKUP(A17,'ID Block'!A:L,12,0) -> 45122 | BJ17: =VLOOKUP(A17,'ID Block'!A:M,13,0) -> New Opportunity | BK17: =BI17-R17 -> 32 | BL17: Done | BN17: New job opportunity
A18: 171040 | C18: mmaigenex009 | D18: Yeasin Arafat | E18: Male | F18: 1410927916 | G18: CSO | H18: Content Moderator | I18: Operation | J18: Content Moderation and Data Annotation | K18: TEMU | L18: Apprentice Fixed | M18: Md. Fahim Hossain Hemal | N18: Asif Iqbal | O18: Abdallah Shaadh Rahman | P18: Temu Batch-3 | Q18: 45033 | R18: 45040 | W18: ryrony404@gmail.com | X18: 1936495092 | Z18: Salma Islam | AA18: 1821736384 | AB18: Mother | AC18: O+ | AD18: 36840 | AE18: 23.443836 | AF18: Islam | AG18: 8263648076 | AH18: N/A | AI18: H.S.C | AJ18: B.B.A Running | AK18: 2025 | AL18: ISTT | AM18: Nazrul Islam | AN18: Salma Islam | AO18: Area : Ananda road,mirpur-14,Thana : Kafrul ,Dist : Dhaka | AP18: Area : Gujadia,Thana : karimganj,Dist : kishorgonj | AQ18: Mirpur-14, Kafrul | AR18: Unmarried | BA18: Agent | BB18: 12000 | BC18: 3000 | BD18: 0 | BE18: Morning | BF18: 161273 | BG18: Netstar | BH18: Resignation | BI18: =VLOOKUP(A18,'ID Block'!A:L,12,0) -> 45121 | BJ18: =VLOOKUP(A18,'ID Block'!A:M,13,0) -> Personal Issue | BK18: =BI18-R18 -> 81 | BL18: Done | BM18: yeasin.arafat@genex.com.bd | BN18: Personal Issue (Family issues)
A19: 171110 | D19: Abu Huraira Shohan | E19: Male | F19: 396303 | G19: CSO | H19: Content Moderator | I19: Operation | J19: Sports & shoes & bags & sepcial women clothing | K19: TEMU | L19: Apprentice Fixed | M19: Halima Akter | N19: Asif Iqbal | O19: Abdallah Shaadh Rahman | P19: Temu Batch-11 | Q19: 45116 | R19: 45127 | W19: huraira.shohan@gmail.com | X19: 1675488690 | Y19: 1534672816 | Z19: Rezuana Binte Helal | AA19: 1749106843 | AB19: Wife | AC19: O+ | AD19: 33793 | AE19: 31.791781 | AF19: Islam | AG19: 7304428167 | AH19: N/A | AI19: B.S.C | AJ19: N/A | AK19: N/A | AL19: American International University Bangladesh | AM19: Late MD. Abdul Khaleq | AN19: Kaniz Fatima Shimo | AO19: Area: House No- 399, Area- Jamtola, Kawlar, Thana: dakkhinkhan Dist :Dhaka | AP19: Area :House- 234, Area- Dhokkhingaon,Thana: Basabo, Dist: Dhaka-1214 | AQ19: Kawlar | AR19: Married | BA19: Agent | BB19: 10800 | BC19: 2700 | BD19: 0 | BE19: Morning | BF19: - | BG19: - | BH19: Separated | BI19: =VLOOKUP(A19,'ID Block'!A:L,12,0) -> 45132 | BJ19: =VLOOKUP(A19,'ID Block'!A:M,13,0) -> Unauthorized absent | BK19: =BI19-R19 -> 5 | BL19: Done
A20: 171012 | C20: Mahdir Hossain | D20: Mahdir Hossain | E20: Male | F20: 1210878572 | G20: CSO | H20: Content Moderator | I20: Operation | J20: English Customer Service Audio Transcription | K20: TEMU | L20: Apprentice Fixed | M20: MD. Fahim Hossain Hemal | N20: Asif Iqbal | O20: Abdallah Shaadh Rahman | P20: Temu Batch-1 | Q20: 45023 | R20: 45032 | W20: tekinoff28@gmail.com | X20: 1613446021 | Z20: Ferdousi Akhter Konika | AA20: 1910816500 | AB20: Mother | AC20: A+ | AD20: 35974 | AE20: 25.816438 | AF20: Islam | AG20: 19993326611056598 | AH20: N/A | AI20: H.S.C | AJ20: B.B.A Running | AK20: 2023 | AL20: Bhawal badre alam govt. college | AM20: Hossain Ahmed Khan | AN20: Ferdousi Akhter | AO20: House : Ferdousi kunja, 124 Area : Dattapara banamala road, Thana : Tongi, Dist : Gazipur | AP20: Vill : Autshahi , P:O: Autshahi ,Thana : Tongi Bari District: Munshiganj | AQ20: Dattapara banamala road, Tongi | AR20: Unmarried | BA20: Agent | BB20: 10800 | BC20: 2700 | BD20: 0 | BE20: Morning | BF20: 160019 | BG20: Netstar | BH20: Resignation | BI20: =VLOOKUP(A20,'ID Block'!A:L,12,0) -> 45128 | BJ20: =VLOOKUP(A20,'ID Block'!A:M,13,0) -> New Opportunity | BK20: =BI20-R20 -> 96 | BL20: Done | BM20: mahdir.hossain@genex.com.bd | BN20: New job opportunity
A21: 171037 | C21: mmaigenex006 | D21: Abdullah Khan | E21: Male | F21: 1410927742 | G21: CSO | H21: Content Moderator | I21: Operation | J21: Content Moderation and Data Annotation | K21: TEMU | L21: Apprentice Fixed | M21: Md. Fahim Hossain Hemal | N21: Asif Iqbal | O21: Abdallah Shaadh Rahman | P21: Temu Batch-3 | Q21: 45033 | R21: 45040 | W21: abdullahkhan2987966@gmail.com | X21: 1995536257 | Z21: Sumaiya khan | AA21: 1930679007 | AB21: Sister | AC21: A+ | AD21: 36448 | AE21: 24.517808 | AF21: Islam | AG21: 9174068990 | AH21: N/A | AI21: H.S.C | AJ21: B.B.A Running | AK21: 2025 | AL21: Institute of science & technology (ISTT) | AM21: Abdur Rahman | AN21: Sufia Rahman | AO21: Area : Mirpur 13, Ayna moshjid , Thana: Kafrul , Dist : Dhaka | AP21: Area : Mirpur 13, Ayna moshjid , Thana: Kafrul , Dist : Dhaka | AQ21: Mirpur 13, Kafrul | AR21: Unmarried | BA21: Agent | BB21: 10800 | BC21: 2700 | BD21: 0 | BE21: Morning | BF21: 161251 | BG21: Netstar | BH21: Separated | BI21: =VLOOKUP(A21,'ID Block'!A:L,12,0) -> 45134 | BJ21: =VLOOKUP(A21,'ID Block'!A:M,13,0) -> Unauthorized absent (ZTP) | BK21: =BI21-R21 -> 94 | BL21: Done | BM21: abdullah.khan@genex.com.bd | BN21: Unreachable (He had ZTP issue)
A22: 171038 | C22: mmaigenex007 | D22: Reyadul Islam | E22: Male | F22: 1410927743 | G22: CSO | H22: Content Moderator | I22: Operation | J22: Content Moderation and Data Annotation | K22: TEMU | L22: Apprentice Fixed | M22: Md. Fahim Hossain Hemal | N22: Asif Iqbal | O22: Abdallah Shaadh Rahman | P22: Temu Batch-3 | Q22: 45033 | R22: 45040 | W22: reyadulislam18@gmail.com | X22: 1868981557 | Z22: Maya Akter | AA22: 1534638453 | AB22: Sister | AC22: O+ | AD22: 36949 | AE22: 23.145205 | AF22: Islam | AG22: 6463620606 | AH22: N/A | AI22: H.S.C | AJ22: B.B.A Running | AK22: 2025 | AL22: Institute Of science trade & technology | AM22: MD.ABDUR RASHID | AN22: HASINA BEGUM | AO22: Area : House- 2/1Dhaka Dental College Staff Quarter Mirpur-14 Thana : Kafrul , Dist : Dhaka | AP22: Area : CB 174/2 Basherpul , Thana : Jatrabari Dist : Dhaka | AQ22: Mirpur-14 , Kafrul | AR22: Unmarried | BA22: Agent | BB22: 10800 | BC22: 2700 | BD22: 0 | BE22: Morning | BF22: 161247 | BG22: Netstar | BH22: Separated | BI22: =VLOOKUP(A22,'ID Block'!A:L,12,0) -> 45134 | BJ22: =VLOOKUP(A22,'ID Block'!A:M,13,0) -> Unauthorized absent (ZTP) | BK22: =BI22-R22 -> 94 | BL22: Done | BM22: reyadul.islam@genex.com.bd | BN22: Unreachable (He had ZTP issue)
A23: 171020 | C23: mmaigenex030 | D23: Nadira Akhtar Antora | E23: Female | F23: 125973 | G23: CSO | H23: Content Moderator | I23: Operation | J23: Content Moderation and Data Annotation | K23: TEMU | L23: Apprentice Fixed | M23: Abdul Moontakim Alif | N23: Asif Iqbal | O23: Abdallah Shaadh Rahman | P23: Temu Batch-2 | Q23: 45029 | R23: 45042 | W23: antora1501@gmail.com | X23: 1737773259 | Z23: Rafin | AA23: 1734883691 | AB23: Brother | AC23: B+ | AD23: 34349 | AE23: 30.268493 | AF23: Islam | AG23: 1.9948525e+16 | AH23: N/A | AI23: B.B.A | AJ23: N/A | AK23: N/A | AL23: Rangpur Govt College | AM23: Md.Nur nabi | AN23: Jahanara Begum | AO23: Area: house no: 22 ,Road: 01 , Nikunjo 2 , Thana : Khilkhet Dist : Dhaka | AP23: Vill : Baharkasna , House no: F1/3 , Thana : rangpur Kotwali , Dist : Rangpur | AQ23: Nikunjo 2 , Khilkhet | AR23: Unmarried | BA23: Agent | BB23: 10800 | BC23: 2700 | BD23: 0 | BE23: Morning | BF23: 161562 | BG23: Netstar | BH23: Resignation | BI23: =VLOOKUP(A23,'ID Block'!A:L,12,0) -> 45122 | BJ23: =VLOOKUP(A23,'ID Block'!A:M,13,0) -> Personal Issue | BK23: =BI23-R23 -> 80 | BL23: Done | BM23: nadira.antora@genex.com.bd | BN23: Personal Issue (She resigned due to her mother death, she needs to take care her Father & Brother)
A24: 171045 | C24: mmaigenex015 | D24: Promit Barua Ovi | E24: Male | F24: 289328 | G24: CSO | H24: Content Moderator | I24: Operation | J24: Content Moderation and Data Annotation | K24: TEMU | L24: Apprentice Fixed | M24: Md. Fahim Hossain Hemal | N24: Asif Iqbal | O24: Abdallah Shaadh Rahman | P24: Temu Batch-3 | Q24: 45033 | R24: 45040 | W24: mr.promitovi@gmail | X24: 1776979961 | Z24: Pushpita Barua | AA24: 1673546087 | AB24: Spouse | AC24: B+ | AD24: 34124 | AE24: 30.884932 | AF24: Buddhism | AG24: 7322120515 | AH24: N/A | AI24: B.A | AJ24: N/A | AK24: N/A | AL24: Stamford University Bangladesh | AM24: Prodip Kumar Barua | AN24: Alpona Barua | AO24: Area : H-44,R-1/1,Blo-A,Vill-Delpara,Thana-Fatullah,Post- Kutubpur,Dis-Narayanganj,1421 | AP24: Area : West Shilok,Thana : Rangunia,Dist-Chittagong | AQ24: Delpara,Narayanganj | AR24: Married | BA24: Agent | BB24: 12000 | BC24: 3000 | BD24: 0 | BE24: Morning | BF24: 161548 | BG24: Netstar | BH24: Resignation | BI24: =VLOOKUP(A24,'ID Block'!A:L,12,0) -> 45128 | BJ24: =VLOOKUP(A24,'ID Block'!A:M,13,0) -> Personal Issue | BK24: =BI24-R24 -> 88 | BL24: Done | BN24: Personal Issue (Family issues), Will apply again
A25: 171105 | D25: Akash Panday Brinto | E25: Male | F25: 1110225409 | G25: CSO | H25: Content Moderator | I25: Operation | J25: Identification of the same product | K25: TEMU | L25: Apprentice Fixed | M25: Halima Akter | N25: Asif Iqbal | O25: Abdallah Shaadh Rahman | P25: Temu Batch-10 | Q25: 45110 | R25: 45113 | W25: skypandey2211@gmail.com | X25: 1734707089 | Y25: N/A | Z25: Pranto Pandey | AA25: 1855282657 | AB25: Brother | AC25: O+ | AD25: 35442 | AE25: 27.273973 | AF25: Hindu | AG25: 6473026265 | AH25: N/A | AI25: B.Sc | AJ25: N/A | AK25: N/A | AL25: Govt. Syed Hatem Ali College , Barishal | AM25: Indrajit Pandey | AN25: Mitali Rani Pandey | AO25: House- 654/1,Sahinbag, Tejgaon ,Dhaka-1215 | AP25: South chalbal, Nabagram, kalkini, Madaripur-7900 | AQ25: Tejgaon | AR25: Unmarried | BA25: Agent | BB25: 10800 | BC25: 2700 | BD25: 0 | BE25: Morning | BF25: - | BG25: - | BH25: Separated | BK25: =BI25-R25 -> -45113 | BL25: Done
A26: 171015 | C26: mmaigenex025 | D26: Naznin Sultana Munni | E26: Female | F26: 714311 | G26: CSO | H26: Content Moderator | I26: Operation | J26: Content Moderation and Data Annotation | K26: TEMU | L26: Apprentice Fixed | M26: Abdul Moontakim Alif | N26: Asif Iqbal | O26: Abdallah Shaadh Rahman | P26: Temu Batch-2 | Q26: 45029 | R26: 45042 | W26: nazninsultanamunni25@gmail.com | X26: 17839043030 | Z26: Mohammad Ali Mukit | AA26: 1865960668 | AB26: Brother | AC26: A+ | AD26: 33871 | AE26: 31.578082 | AF26: Islam | AG26: 3757671155 | AH26: N/A | AI26: B.B.A | AJ26: N/A | AK26: N/A | AL26: Independent University Bangladesh | AM26: Bodhuzzaman Sarker | AN26: Sharifa Zaman Champa | AO26: Area : House 1/A, Road -15, Nikunjo -2 Thana : Khilkhet ,Dist: Sirajgonj | AP26: Vill : Goshganti , Thana: Ullarapara, Dist : Sirajgonj | AQ26: Nikunjo -2 , Khilkhet | AR26: Unmarried | BA26: Agent | BB26: 10800 | BC26: 2700 | BD26: 0 | BE26: Morning | BF26: 161618 | BG26: Netstar | BH26: Resignation | BI26: =VLOOKUP(A26,'ID Block'!A:L,12,0) -> 45139 | BJ26: =VLOOKUP(A26,'ID Block'!A:M,13,0) -> New Opportunity | BK26: =BI26-R26 -> 97 | BL26: Done | BM26: naznin.munni@genex.com.bd | BN26: New job opportunity
A27: 171028 | D27: Mushfeka Hossain | E27: Female | F27: 395863 | G27: CSO | H27: Content Moderator | I27: Operation | J27: Content Moderation and Data Annotation | K27: TEMU | L27: Apprentice Fixed | M27: Abdul Moontakim Alif | N27: Asif Iqbal | O27: Abdallah Shaadh Rahman | P27: Temu Batch-2 | Q27: 45029 | R27: 45042 | W27: mushfekanira@gmail.com | X27: 1601847941 | Z27: Maliha farzana | AA27: 1631632801 | AB27: Sister | AC27: A+ | AD27: 34972 | AE27: 28.561644 | AF27: Islam | AG27: 3752284202 | AH27: N/A | AI27: B.S.C | AJ27: N/A | AK27: N/A | AL27: Begum Badrunnesa Government Women collage | AM27: Md.Mofazzal Hossain | AN27: Molikha Hossain | AO27: Area : House no : 92,lalbag, Azimpur, Thana : Posta Dist : Dhaka | AP27: Area : House no : 92,lalbag, Azimpur, Thana : Posta Dist : Dhaka | AQ27: lalbag, Azimpur | AR27: Married | BA27: Agent | BB27: 10800 | BC27: 2700 | BD27: 0 | BE27: Morning | BF27: 161636 | BG27: Netstar | BH27: Resignation | BI27: =VLOOKUP(A27,'ID Block'!A:L,12,0) -> 45152 | BJ27: =VLOOKUP(A27,'ID Block'!A:M,13,0) -> Personal Issue | BK27: =BI27-R27 -> 110 | BL27: Done | BM27: mushfeka.hossain@genex.com.bd | BN27: ZTP issues (GenMon break selection issue)
A28: 171026 | D28: Meraj Hossain | E28: Male | F28: 540385 | G28: CSO | H28: Content Moderator | I28: Operation | J28: Content Moderation and Data Annotation | K28: TEMU | L28: Apprentice Fixed | M28: Abdul Moontakim Alif | N28: Asif Iqbal | O28: Abdallah Shaadh Rahman | P28: Temu Batch-2 | Q28: 45029 | R28: 45042 | W28: mhjmeraj555@gmail | X28: 1981133126 | Z28: Robiul Hossain | AA28: 1982244819 | AB28: Brother | AC28: B+ | AD28: 35067 | AE28: 28.30137 | AF28: Islam | AG28: 7352662204 | AH28: N/A | AI28: B.B.A | AJ28: N/A | AK28: N/A | AL28: Govt. Titumir College | AM28: Mohammad Mostafa | AN28: Rokeya Begum | AO28: Area : Munshi para Road, Thana : Tongi, Dist : Gazipur | AP28: Vill:- Chobilpur P.O :- Shamgonj, Thana: Lakshmipur Sadar Dist : Lakshmipur | AQ28: Munshi para Road, Tongi | AR28: Unmarried | BA28: Agent | BB28: 12000 | BC28: 3000 | BD28: 0 | BE28: Morning | BF28: 161568 | BG28: Netstar | BH28: Resignation | BI28: =VLOOKUP(A28,'ID Block'!A:L,12,0) -> 45152 | BJ28: =VLOOKUP(A28,'ID Block'!A:M,13,0) -> Personal Issue | BK28: =BI28-R28 -> 110 | BL28: Done | BM28: meraj.hossain@genex.com.bd | BN28: ZTP issues (GenMon break selection issue)
A29: 171008 | C29: FerdousShithil | D29: Jannatul Ferdous Shithil | E29: Female | F29: 1410850245 | G29: CSO | H29: Content Moderator | I29: Operation | J29: Product's Review for Risk Control | K29: TEMU | L29: Apprentice Fixed | M29: Md. Fahim Hossain Hemal | N29: Asif Iqbal | O29: Abdallah Shaadh Rahman | P29: Temu Batch-1 | Q29: 45023 | R29: 45032 | W29: jannatulferdousshithil2@gmail.com | X29: 1736681943 | Z29: Shoeb Akter | AA29: 178083269 | AB29: Husband | AC29: O+ | AD29: 37132 | AE29: 22.643836 | AF29: Islam | AG29: 4663431247 | AH29: N/A | AI29: H.S.C | AJ29: Hon's 2nd year | AK29: 2025 | AL29: Uttara Town College | AM29: Safar Chowdhury | AN29: Shadhona Chowdhury | AO29: House:75, Area:said mredha road , dattopara , Po: Islampur , Thana : Tongi , Dist : Gazipur | AP29: House:75, Area:said mredha road , dattopara , Po: Islampur , Thana : Tongi , Dist : Gazipur | AQ29: Dattopara , Tongi | AR29: Married | BA29: Agent | BB29: 10800 | BC29: 2700 | BD29: 0 | BE29: Morning | BF29: 160542 | BG29: Netstar | BH29: Resignation | BI29: =VLOOKUP(A29,'ID Block'!A:L,12,0) -> 45154 | BJ29: =VLOOKUP(A29,'ID Block'!A:M,13,0) -> Personal Issue | BK29: =BI29-R29 -> 122 | BL29: Done | BM29: jannatul.ferdous@genex.com.bd | BN29: Personal issues (Due to exam and family issues, office hour)
A30: 171059 | D30: Sharaban Tahura Shammi | E30: Female | F30: 518945 | G30: CSO | H30: Content Moderator | I30: Operation | J30: Content Moderation and Data Annotation | K30: TEMU | L30: Apprentice Fixed | M30: Halima Akter | N30: Asif Iqbal | O30: Abdallah Shaadh Rahman | P30: Temu Batch-6 | Q30: 45051 | R30: 45063 | X30: 1751781909 | Y30: 1751781909 | Z30: Fajlul haque bhuiya | AA30: 1727-377508 | AB30: Father | AC30: O+ | AD30: 34848 | AE30: 28.90137 | AF30: Islam | AG30: 7761108351 | AH30: N/A | AI30: B.B.A | AJ30: N/A | AK30: N/A | AL30: BUBT | AM30: MD. Fazlul Haque Bhuyan | AN30: Zobayda Gulshan Ara | AO30: Area : R# 04, Sector#04, Thana : Uttara Dist : Dhaka | AP30: Vill: chorkoilash ,Thana: Hatiya, Dist : Noakhali | AQ30: Uttara , Dhaka | AR30: Unmarried | BA30: Agent | BB30: 10800 | BC30: 2700 | BD30: 0 | BE30: Morning | BF30: - | BG30: - | BH30: Resignation | BI30: =VLOOKUP(A30,'ID Block'!A:L,12,0) -> 45152 | BJ30: =VLOOKUP(A30,'ID Block'!A:M,13,0) -> Health Issues | BK30: =BI30-R30 -> 89 | BL30: Done | BM30: sharaban.shammi@genex.com.bd | BN30: Health Issues
A31: 171087 | D31: Nabila Rahman Ruma | E31: Female | F31: 482803 | G31: CSO | H31: Content Moderator | I31: Operation | J31: Object(product) detection | K31: TEMU | L31: Apprentice Fixed | M31: Halima Akter | N31: Asif Iqbal | O31: Abdallah Shaadh Rahman | P31: Temu Batch-9 | Q31: 45086 | R31: 45097 | W31: nabilarahmanruma4@gmail.com | X31: 1869907314 | Z31: Shakila Rahman jhuma | AA31: 1880212593 | AB31: Sister | AC31: AB- | AD31: 34161 | AE31: 30.783562 | AF31: Islam | AH31: EC2291257 | AI31: H.S.C | AJ31: BBA | AK31: 2024 | AL31: Demra University College | AM31: Md.Abdur Rahman | AN31: Happy rahman | AO31: House no : 11 , Road : 27 ,Vill: kamargope,PO:Demra Bazar Thana: Demra Dist: Dhaka | AP31: House no : 11 , Road : 27 ,Vill: kamargope,PO:Demra Bazar Thana: Demra Dist: Dhaka | AQ31: Demra | AR31: Unmarried | BA31: Agent | BB31: 10800 | BC31: 2700 | BD31: 0 | BE31: Morning | BH31: Resignation | BI31: =VLOOKUP(A31,'ID Block'!A:L,12,0) -> 45152 | BJ31: =VLOOKUP(A31,'ID Block'!A:M,13,0) -> Personal Issue | BK31: =BI31-R31 -> 55 | BL31: Done | BN31: Due to sickness, she was less punctual at office. (Forcely resigned)
A32: 171073 | C32: Genex014 | D32: Md.Rokibul Islam Ratul | E32: Male | F32: 1110156611 | G32: CSO | H32: Content Moderator | I32: Operation | J32: BG Platform Governance Requirements | K32: TEMU | L32: Apprentice Fixed | M32: Abdul Moontakim Alif | N32: Asif Iqbal | O32: Shaadh Rahman | P32: Temu Batch-8 | Q32: 45077 | R32: 45093 | W32: ratul100bd@gmail.com | X32: 1770585311 | Y32: 1620882196 | Z32: Rabeya Sultana Rupa | AA32: 1792157992 | AB32: Elder Sister | AC32: O+ | AD32: 35799 | AE32: 26.29589 | AF32: Islam | AG32: 5102179404 | AH32: N/A | AI32: B.B.A | AJ32: Masters | AK32: 2024 | AL32: Govt.B.L College,Khulna | AM32: Md.Rafiqul Islam | AN32: Amina Islam | AO32: Area : House:409,Road:01,Section:10,Senpara Parbata,Thana: Mirpur Dist : Dhaka | AP32: Area : House:35,Road:1/A,Sector:05,Thana: Uttara ,Dist : Dhaka | AQ32: Mirpur | AR32: Unmarried | BA32: Agent | BB32: 10800 | BC32: 2700 | BD32: 2500 | BE32: Night | BF32: - | BG32: - | BH32: Resignation | BL32: Done | BN32: Better opportunity
A33: 171074 | C33: Genex015 | D33: Md. Fahim Aqundaw | E33: Male | F33: 1210863847 | G33: CSO | H33: Content Moderator | I33: Operation | J33: BG Platform Governance Requirements | K33: TEMU | L33: Apprentice Fixed | M33: Abdul Moontakim Alif | N33: Asif Iqbal | O33: Abdallah Shaadh Rahman | P33: Temu Batch-8 | Q33: 45077 | R33: 45093 | W33: fahimshariar32446@gmail.com | X33: 1620247637 | Y33: 1926849530 | Z33: Md.Faruk Aqundaw | AA33: 1712660736 | AB33: Father | AC33: O+ | AD33: 36474 | AE33: 24.446575 | AF33: Islam | AG33: 19993925012202800 | AH33: N/A | AI33: H.S.C | AJ33: N/A | AK33: N/A | AL33: Daffodil International University | AM33: Md.Faruk Aqundaw | AN33: Mrs.Farida Begum | AO33: Area : Darji-Bari,Uttarpara,Thana: Khil-khet, Dhaka-1229 Dist : Dhaka | AP33: Vill: Ramnagor, Thana : Jamalpur Sadar, Dist : Jamalpur | AQ33: Darji-Bari,Uttarpara, Khilkhet | AR33: Unmarried | BA33: Agent | BB33: 10800 | BC33: 2700 | BD33: 2500 | BE33: Night | BF33: - | BG33: - | BH33: Resignation | BI33: =VLOOKUP(A33,'ID Block'!A:L,12,0) -> 45160 | BJ33: =VLOOKUP(A33,'ID Block'!A:M,13,0) -> Academic Issues | BK33: =BI33-R33 -> 67 | BL33: Done | BN33: Academic issues
A34: 171075 | C34: Genex016 | D34: Abdullah Faisal Siam | E34: Male | F34: 1013257365 | G34: CSO | H34: Content Moderator | I34: Operation | J34: BG Platform Governance Requirements | K34: TEMU | L34: Apprentice Fixed | M34: Abdul Moontakim Alif | N34: Asif Iqbal | O34: Abdallah Shaadh Rahman | P34: Temu Batch-8 | Q34: 45077 | R34: 45090 | W34: abdullahfaisalsiam@gmail.com | X34: 1580590136 | Y34: 1706169960 | Z34: Sadi Abdullah | AA34: 1841361915 | AB34: Brother | AC34: O+ | AD34: 35982 | AE34: 25.794521 | AF34: Islam | AG34: 1955580970 | AH34: N/A | AI34: Master's | AJ34: N/A | AK34: N/A | AL34: Bangladesh University of professionals | AM34: Ali Akbar | AN34: Shahanara khatun | AO34: Area : Surma building, sector 18, Thana: Uttara , Dist : Dhaka | AP34: Vill : Sreepur, Thana : kaligonz Dist : Satkhira. | AQ34: Surma building, Uttara | AR34: Unmarried | BA34: Agent | BB34: 10800 | BC34: 2700 | BD34: 2500 | BE34: Night | BF34: - | BG34: - | BH34: Resignation | BI34: =VLOOKUP(A34,'ID Block'!A:L,12,0) -> 45155 | BJ34: =VLOOKUP(A34,'ID Block'!A:M,13,0) -> Abroad Study Purpose | BK34: =BI34-R34 -> 65 | BL34: Done | BN34: Study purpose
A35: 171107 | C35: zhulan4op | D35: Sobuj Ali | E35: Male | F35: 1310357261 | G35: CSO | H35: Content Moderator | I35: Operation | J35: Identification of the same product | K35: TEMU | L35: Apprentice Fixed | M35: Halima Akter | N35: Asif Iqbal | O35: Abdallah Shaadh Rahman | P35: Temu Batch-10 | Q35: 45110 | R35: 45113 | W35: symonsobuj4@gmail.com | X35: 1812627583 | Y35: 1742858139 | Z35: Kalam | AA35: 1725937743 | AB35: Uncle | AC35: O+ | AD35: 36460 | AE35: 24.484932 | AF35: Islam | AG35: 9154421300 | AH35: N/A | AI35: BSC | AJ35: NA | AK35: NA | AL35: City University | AM35: Kolim Uddin Sheikh | AN35: Bedena Khatun | AO35: House-30, Road-2, Sector-10, Uttara, Dhaka-1230 | AP35: Boshakustia -7721,Pangsha, Rajbari | AQ35: Uttara | AR35: Unmarried | BA35: Agent | BB35: 10800 | BC35: 2700 | BD35: 0 | BE35: Morning | BF35: - | BG35: - | BH35: Resignation | BI35: =VLOOKUP(A35,'ID Block'!A:L,12,0) -> 45159 | BJ35: =VLOOKUP(A35,'ID Block'!A:M,13,0) -> Health Issues | BK35: =BI35-R35 -> 46 | BL35: Done | BN35: Health Issues
A36: 171111 | C36: ForidUddin | D36: Forid Uddin | E36: Male | F36: 18626016149 | G36: CSO | H36: Content Moderator | I36: Operation | J36: English Customer Service Audio Transcription | K36: TEMU | L36: Apprentice Fixed | M36: Halima Akter | N36: Asif iqbal | O36: Shaadh Rahman | P36: Temu Batch-11 | Q36: 45116 | R36: 45124 | W36: uddinforid203@gmail.com | X36: 1533962470 | Y36: 1721121554 | Z36: Nur E Alam | AA36: 1711576473 | AB36: Father | AC36: B+ | AD36: 36393 | AE36: 24.668493 | AF36: Islam | AG36: 421490158 | AH36: N/A | AI36: B.B.A | AJ36: NA | AK36: NA | AL36: Government Bangla College | AM36: MD. Nur Alam | AN36: Somota Begum | AO36: Area : 255 ,prembagan,Thana: Dakshinkhan, Dist : Dhaka | AP36: Vill : alexander,Thana : ramgati, Dist: Lakshmipur. | AQ36: Dakshinkhan | AR36: Unmarried | BA36: Agent | BB36: 10800 | BC36: 2700 | BD36: 0 | BE36: Morning | BF36: - | BG36: - | BH36: Resignation | BI36: =VLOOKUP(A36,'ID Block'!A:L,12,0) -> 45164 | BJ36: =VLOOKUP(A36,'ID Block'!A:M,13,0) -> Family Issues | BK36: =BI36-R36 -> 40 | BL36: Done | BN36: He is going to india due to his younger bother's health issues
A37: 171081 | C37: Genex023 | D37: Sohad Hasan | E37: Male | F37: 1410863591 | G37: CSO | H37: Content Moderator | I37: Operation | J37: BG Platform Governance Requirements | K37: TEMU | L37: Apprentice Fixed | M37: Abdul Moontakim Alif | N37: Asif Iqbal | O37: Shaadh Rahman | P37: Temu Batch-8 | Q37: 45077 | R37: 45090 | W37: sohadhasan229142@gmail.com | X37: 1922742698 | Y37: N/A | Z37: Hafizur Rahman | AA37: 1948420196 | AB37: Father | AC37: AB+ | AD37: 37622 | AE37: 21.30137 | AF37: Islam | AG37: 7824238922 | AH37: A02519299 | AI37: H.S.C | AJ37: BBA | AK37: 2023 | AL37: Bhawal Mirzapur College | AM37: Hafizur Rahman | AN37: Sumi Akter | AO37: Area : Uttar Khailkur, 33 Ward Gazipur City Corporation , Thana : Tongi , Dist : Gazipur | AP37: Area : Uttar Khailkur, 33 Ward Gazipur City Corporation , Thana : Tongi , Dist : Gazipur | AQ37: Tongi | AR37: Unmarried | BA37: Agent | BB37: 10800 | BC37: 2700 | BD37: 2500 | BE37: Night | BF37: - | BG37: - | BH37: Resignation | BI37: =VLOOKUP(A37,'ID Block'!A:L,12,0) -> 45162 | BJ37: =VLOOKUP(A37,'ID Block'!A:M,13,0) -> Family Issues | BK37: =BI37-R37 -> 72 | BL37: Done | BN37: Family Issues
A38: 171060 | C38: mmaigenex050 | D38: Md Saiduzzaman | E38: Male | F38: 724892 | G38: CSO | H38: Content Moderator | I38: Operation | J38: Content Moderation and Data Annotation | K38: TEMU | L38: Apprentice Fixed | M38: Abdul Moontakim Alif | N38: Asif Iqbal | O38: Shaadh Rahman | P38: Temu Batch-6 | Q38: 45051 | R38: 45063 | W38: saiduzzamanshepon50@gmail.com | X38: 1855223007 | Y38: 1952908109 | Z38: Md soriful Islam | AA38: 1959410114 | AB38: Brother | AC38: O+ | AD38: 35292 | AE38: 27.684932 | AF38: Islam | AG38: 2825000983 | AH38: N/A | AI38: B.B.A | AJ38: M.B.A | AK38: 2023 | AL38: Ashik Mahmud Collage | AM38: Md Ali Akber | AN38: Selina Begum | AO38: Area : House no : 123 , crishtan road ,Thana: Dhanmondi,Dist : Dhaka | AP38: Vill: sripur, thana : Jmalpur sadar , Dist : Jamalpur | AQ38: Dhanmondi | AR38: Unmarried | BA38: Agent | BB38: 10800 | BC38: 2700 | BD38: 0 | BE38: Morning | BF38: - | BG38: - | BH38: Resignation | BI38: =VLOOKUP(A38,'ID Block'!A:L,12,0) -> 45169 | BJ38: =VLOOKUP(A38,'ID Block'!A:M,13,0) -> Family Issues | BK38: =BI38-R38 -> 106 | BL38: Done | BN38: Family Issues
A39: 171014 | C39: Tahmid | D39: Md. Sames E Tahmid | E39: Male | F39: 1410714922 | G39: CSO | H39: Content Moderator | I39: Operation | J39: Product's Review for Risk Control | K39: TEMU | L39: Apprentice Fixed | M39: Md. Fahim Hossain Hemal | N39: Asif Iqbal | O39: Shaadh Rahman | P39: Temu Batch-1 | Q39: 45023 | R39: 45032 | W39: Stahmid2001@gmail.com | X39: 1634679435 | Z39: Mozammel Haque Roman | AA39: 1720329989 | AB39: Father | AC39: B+ | AD39: 37019 | AE39: 22.953425 | AF39: Islam | AG39: 3308414451 | AH39: A04041389 | AI39: Diploma | AJ39: N/A | AK39: N/A | AL39: Western Maritime Academy | AM39: Mozammel Haque Roman | AN39: Lovely Yeasmin | AO39: Area : section:6, Block:A, Road:02, House:15, Thana: Mirpur Dist : Dhaka | AP39: Vil: Batua, PS: : Sakhipur, Dist : Tangail | AQ39: Mirpur | AR39: Unmarried | BA39: Agent | BB39: 10800 | BC39: 2700 | BD39: 0 | BE39: Morning | BF39: 161303 | BG39: Netstar | BH39: Resignation | BI39: =VLOOKUP(A39,'ID Block'!A:L,12,0) -> 45176 | BJ39: =VLOOKUP(A39,'ID Block'!A:M,13,0) -> Starting Business | BK39: =BI39-R39 -> 144 | BL39: Done | BN39: Starting Business
A40: 171115 | C40: HafizBinAzmanArnob | D40: Hafiz Bin Azman Arnob | E40: Male | F40: 1310691061 | G40: CSO | H40: Content Moderator | I40: Operation | J40: English Customer Service Audio Transcription | K40: TEMU | L40: Apprentice Fixed | M40: Halima Akter | N40: Asif iqbal | O40: Shaadh Rahman | P40: Temu Batch-11 | Q40: 45116 | R40: 45124 | W40: arnob.working@gmail.com | X40: 1307032269 | Y40: 1521566405 | Z40: Emtiaj Mahmud Purob | AA40: 1312297987 | AB40: Brother | AC40: A+ | AD40: 36657 | AE40: 23.945205 | AF40: Islam | AG40: 1967963594 | AH40: N/A | AI40: B.S.C | AJ40: NA | AK40: NA | AL40: Stamford University Bangladesh | AM40: MD.Hafiz Uddin | AN40: Mst.Moriom Akter | AO40: Area : 58,North Kamalapur,Thana : Motijheel, Dist: Dhaka | AP40: Area : 58,North Kamalapur,Thana: Motijheel, Dist: Dhaka | AQ40: Kamalapur | AR40: Unmarried | BA40: Agent | BB40: 10800 | BC40: 2700 | BD40: 0 | BE40: Morning | BF40: - | BG40: - | BH40: Resignation | BI40: =VLOOKUP(A40,'ID Block'!A:L,12,0) -> 45177 | BJ40: =VLOOKUP(A40,'ID Block'!A:M,13,0) -> Family Issue | BK40: =BI40-R40 -> 53 | BL40: Done | BN40: Family Issues
A41: 171053 | C41: MdAhmedJubayerSrabon | D41: Md. Ahmed Jubayer Srabon | E41: Male | F41: 128778 | G41: CSO | H41: Content Moderator | I41: Operation | J41: English Customer Service Audio Transcription | K41: TEMU | L41: Apprentice Fixed | M41: Abdul Moontakim Alif | N41: Asif Iqbal | O41: Shaadh Rahman | P41: Temu Batch-3 | Q41: 45033 | R41: 45040 | W41: srabon9012@gmail.com | X41: 1609862764 | Z41: Julikha Akter | AA41: 1813505288 | AB41: Mother | AC41: A+ | AD41: 37401 | AE41: 21.906849 | AF41: Islam | AG41: 7368780396 | AH41: N/A | AI41: H.S.C | AJ41: Computer Science and Engineering | AK41: 2025 | AL41: National University | AM41: Md Jashim Uddin | AN41: Julikha Akter | AO41: Area : Kuril chowrasta ,Thana: Vatara , Dist : Dhaka | AP41: Vill : Farhadnagar,Thana: Feni Sadar , Dist : Feni | AQ41: Vatara | AR41: Unmarried | BA41: Agent | BB41: 12000 | BC41: 3000 | BD41: 0 | BE41: Morning | BF41: 161301 | BG41: Netstar | BH41: Resignation | BI41: =VLOOKUP(A41,'ID Block'!A:L,12,0) -> 45185 | BJ41: =VLOOKUP(A41,'ID Block'!A:M,13,0) -> Study Isuue | BK41: =BI41-R41 -> 145 | BL41: Done | BN41: Study purpose
A42: 171104 | C42: xushiyu2op | D42: Ruma Akter | E42: Female | F42: 1010982708 | G42: CSO | H42: Content Moderator | I42: Operation | J42: Identification of the same product | K42: TEMU | L42: Apprentice Fixed | M42: Halima Akter | N42: Asif Iqbal | O42: Shaadh Rahman | P42: Temu Batch-10 | Q42: 45110 | R42: 45113 | W42: rumaakther8546@gmail.com | X42: 1518707935 | Y42: 1632934683 | Z42: MD.Almas Miah | AA42: 1944903816 | AB42: Father | AC42: B+ | AD42: 35462 | AE42: 27.219178 | AF42: Islam | AG42: 8257737703 | AH42: N/A | AI42: M.B.A | AJ42: N/A | AK42: N/A | AL42: Tejgaon Mohila College | AM42: MD.Almas Miah | AN42: Howa Begum | AO42: House- 3/F, Shibbari R/A, Dhaka University Campus, Dhaka. | AP42: Vill: Dhanarpar, Post: Khadergaow Bazar ,Thana: Motlob Dakshin, Dis: Cahndpur | AQ42: Dhaka University Campus | AR42: Unmarried | BA42: Agent | BB42: 10800 | BC42: 2700 | BD42: 0 | BE42: Morning | BF42: - | BG42: - | BH42: Resignation | BI42: =VLOOKUP(A42,'ID Block'!A:L,12,0) -> 45185 | BJ42: =VLOOKUP(A42,'ID Block'!A:M,13,0) -> Family Issue | BK42: =BI42-R42 -> 72 | BL42: Done | BN42: Family Issues
A43: 171029 | C43: mmaigenex016 | D43: Md. Alif - Ur Rahman | E43: Male | F43: 1117621643 | G43: CSO | H43: Content Moderator | I43: Operation | J43: Content Moderation and Data Annotation | K43: TEMU | L43: Apprentice Fixed | M43: Halima Akter | N43: Asif Iqbal | O43: Shaadh Rahman | P43: Temu Batch-3 | Q43: 45033 | R43: 45040 | W43: itsalifofficial51@gmail.com | X43: 1707913701 | Z43: Md. Shoriful Islam | AA43: 1714677421 | AB43: Father | AC43: O+ | AD43: 36160 | AE43: 25.306849 | AF43: Islam | AG43: 3758195659 | AH43: N/A | AI43: B.S.C | AJ43: N/A | AK43: N/A | AL43: Bangladesh University of Business and Technology | AM43: Md. Shoriful Islam | AN43: Mst. Akter Banu | AO43: Area : 14/8 Solimullah Road , Thana : Mohammadpur , Dist: Dhaka | AP43: Vill : Soto sultanpur , Thana : Bochagonj, Dist : Dinajpur | AQ43: Mohammadpur | AR43: Unmarried | BA43: Agent | BB43: 10800 | BC43: 2700 | BD43: 0 | BE43: Morning | BF43: 161678 | BG43: Netstar | BH43: Resignation | BI43: =VLOOKUP(A43,'ID Block'!A:L,12,0) -> 45176 | BJ43: =VLOOKUP(A43,'ID Block'!A:M,13,0) -> Study Isuue | BK43: =BI43-R43 -> 136 | BL43: Done | BN43: Study purpose
A44: 171090 | C44: heibulin3op | D44: Mokarrom Hossen | E44: Male | F44: 1018926225 | G44: CSO | H44: Content Moderator | I44: Operation | J44: Identification of the same product | K44: TEMU | L44: Apprentice Fixed | M44: Halima Akter | N44: Asif Iqbal | O44: Shaadh Rahman | P44: Temu Batch-10 | Q44: 45110 | R44: 45113 | W44: mokarromrabby@gmail.com | X44: 1766477705 | Y44: 1518827432 | Z44: Beby Ara | AA44: 1753524091 | AB44: Mother | AC44: O+ | AD44: 45110 | AE44: 0.78630137 | AF44: Islam | AG44: 7802648944 | AH44: N/A | AI44: MBA | AJ44: N/A | AK44: N/A | AL44: Naogaon Government College | AM44: Moksad Ali | AN44: Beby Ara | AO44: House-51,Road- 21, Nikonjo 2, Khilkhet, Dhaka. | AP44: Village : Arail Post: Bhatshail, UP: Patnitala District : Naogaon | AQ44: khilkhet | AR44: Unmarried | BA44: Agent | BB44: 10800 | BC44: 2700 | BD44: 0 | BE44: Morning | BF44: - | BG44: - | BH44: Resignation | BI44: =VLOOKUP(A44,'ID Block'!A:L,12,0) -> 45188 | BJ44: =VLOOKUP(A44,'ID Block'!A:M,13,0) -> Family Isuue | BK44: =BI44-R44 -> 75 | BL44: Done | BN44: Family Issues
A45: 171009 | C45: TonmoyHassan | D45: Tonmoy Hassan | E45: Male | F45: 1010925912 | G45: CSO | H45: Content Moderator | I45: Operation | J45: Product's Review for Risk Control | K45: TEMU | L45: Apprentice Fixed | M45: Md. Fahim Hossain Hemal | N45: Asif Iqbal | O45: Shaadh Rahman | P45: Temu Batch-1 | Q45: 45023 | R45: 45032 | W45: tonmoy6982@gmail.com | X45: 1749766889 | Z45: Momtaz Hassan | AA45: 1749766889 | AB45: Mother | AC45: A+ | AD45: 35909 | AE45: 25.994521 | AF45: Islam | AG45: 7814294778 | AH45: N/A | AI45: B.B.A | AJ45: N/A | AK45: N/A | AL45: National university | AM45: Babul Hassan | AN45: Momotaz Hassan | AO45: Area : 45/5, block-e , Thana: mirpur, Dist : Dhaka | AP45: Area : 45/5, block-e , Thana: mirpur, Dist : Dhaka | AQ45: Mirpur | AR45: Unmarried | BA45: Agent | BB45: 10800 | BC45: 2700 | BD45: 0 | BE45: Morning | BF45: 160043 | BG45: Netstar | BH45: Resignation | BI45: =VLOOKUP(A45,'ID Block'!A:L,12,0) -> 45189 | BJ45: =VLOOKUP(A45,'ID Block'!A:M,13,0) -> Sicikness Isuue | BK45: =BI45-R45 -> 157 | BL45: Done | BN45: Sickness Issue
A46: 171048 | C46: mmaigenex004 | D46: Ashfakuzzaman | E46: Male | F46: 211458 | G46: CSO | H46: Content Moderator | I46: Operation | J46: Content Moderation and Data Annotation | K46: TEMU | L46: Apprentice Fixed | M46: Halima Akter | N46: Asif Iqbal | O46: Shaadh Rahman | P46: Temu Batch-3 | Q46: 45033 | R46: 45040 | W46: ashfak.saikat@gmail.com | X46: 1722167080 | Z46: Farhana Akter | AA46: 1799336436 | AB46: Sister | AC46: B+ | AD46: 34700 | AE46: 29.306849 | AF46: Islam | AG46: 6465019872 | AH46: N/A | AI46: B.B.A | AJ46: N/A | AK46: N/A | AL46: Bangladesh Institute Of Bank Management | AM46: Md.Abdul hayee | AN46: Nurjahan Begum | AO46: Area: Houseno: 19 , road :18 ,thana: Uttara poschim , Dist : Dhaka | AP46: Vill : Chorkakhra , Thana: Companigonj, Dist : Noakhali | AQ46: Uttara | AR46: Unmarried | BA46: Agent | BB46: 10800 | BC46: 2700 | BD46: 0 | BE46: Morning | BF46: 161645 | BG46: Netstar | BH46: Resignation | BI46: =VLOOKUP(A46,'ID Block'!A:L,12,0) -> 45194 | BJ46: =VLOOKUP(A46,'ID Block'!A:M,13,0) -> Better opportunity | BK46: =BI46-R46 -> 154 | BL46: Done | BN46: Better opportunity
A47: 171062 | C47: mmaigenex002 | D47: Rasel Mahmud | E47: Male | F47: 1210899025 | G47: CSO | H47: Content Moderator | I47: Operation | J47: Content Moderation and Data Annotation | K47: TEMU | L47: Apprentice Fixed | M47: Halima Akter | N47: Asif Iqbal | O47: Shaadh Rahman | P47: Temu Batch-7 | Q47: 45063 | R47: 45072 | W47: rmrana99@gmail.com | X47: 1635843223 | Y47: 1825623099 | Z47: Kohinoor | AA47: 1843480890 | AB47: Sister | AC47: B+ | AD47: 34665 | AE47: 29.40274 | AF47: Islam | AG47: 4642375051 | AH47: N/A | AI47: H.S.C | AJ47: BSC | AK47: 2023 | AL47: European University of Bangladesh | AM47: Ibrahim mia | AN47: Aisha Begum | AO47: H-13,15.Road-03.Block-H.Banasree.Rampura.Dhaka. | AP47: Vallage: Tulpai, PO: Hossenpur,PS:Kachua, Dis: Chandpur. | AQ47: Rampura | AR47: Unmarried | BA47: Agent | BB47: 10800 | BC47: 2700 | BD47: 0 | BE47: Morning | BF47: 160848 | BG47: Netstar | BH47: Resignation | BI47: =VLOOKUP(A47,'ID Block'!A:L,12,0) -> 45183 | BJ47: =VLOOKUP(A47,'ID Block'!A:M,13,0) -> Better opportunity | BK47: =BI47-R47 -> 111 | BL47: Done | BN47: Better opportunity
A48: 171094 | C48: xisailuo4op | D48: Md. Asraful Islam | E48: Male | F48: 1310513143 | G48: CSO | H48: Content Moderator | I48: Operation | J48: Identification of the same product | K48: TEMU | L48: Apprentice Fixed | M48: Halima Akter | N48: Asif Iqbal | O48: Shaadh Rahman | P48: Temu Batch-10 | Q48: 45110 | R48: 45113 | W48: asrafulislam4465@gmail.com | X48: 1604138249 | Y48: 1318554714 | Z48: Hosneara Begum | AA48: 1318554714 | AB48: Mother | AC48: O+ | AD48: 36685 | AE48: 23.868493 | AF48: Islam | AG48: 6014565391 | AH48: N/A | AI48: BSC | AJ48: N/A | AK48: N/A | AL48: BGMEA University of Fashion & Technology (BUFT) | AM48: Md: Shifiqul Islam | AN48: Hosneara Begum | AO48: Area-Faidabad, Uttara, Dhaka | AP48: Vill: Narayanpur,P.O: Belabo ,Narshingdi | AQ48: Uttara | AR48: Unmarried | BA48: Agent | BB48: 10800 | BC48: 2700 | BD48: 0 | BE48: Morning | BF48: - | BG48: - | BH48: Resignation | BI48: =VLOOKUP(A48,'ID Block'!A:L,12,0) -> 45196 | BJ48: =VLOOKUP(A48,'ID Block'!A:M,13,0) -> Family Isssue | BK48: =BI48-R48 -> 83 | BL48: Done | BN48: Family Issues
A49: 171121 | C49: MdAnisuzzaman | D49: Saznin Akter Mitu | E49: Female | F49: 1210970643 | G49: CSO | H49: Content Moderator | I49: Operation | J49: Sports & shoes & bags & sepcial women clothing | K49: TEMU | L49: Apprentice Fixed | M49: Mizanur Rahman | N49: Asif Iqbal | O49: Shaadh Rahman | P49: Temu Batch-12 | Q49: 45146 | R49: 45154 | W49: sazninakther07@gmail.com | X49: 1910400564 | Y49: 1910400564 | Z49: Nasrin Begum | AA49: 1515666380 | AB49: Mother | AC49: O+ | AD49: 36318 | AE49: 24.873973 | AF49: Islam | AG49: 5104962526 | AH49: N/A | AI49: B.B.A | AJ49: M.S.C | AK49: 2024 | AL49: Gvt.Shaheed Suhrawardy College | AM49: MD.M.A.Liton | AN49: Nasrin Begum | AO49: Area: 14/05,Block-A,Section-2,PS: Mirpur,Dist: Dhaka | AP49: Vill:Madan bazar PS: Madan Dist: Netrokona | AQ49: Mirpur | AR49: Unmarried | BA49: Agent | BB49: 10800 | BC49: 2700 | BD49: 0 | BE49: Morning | BF49: - | BG49: - | BH49: Resignation | BI49: =VLOOKUP(A49,'ID Block'!A:L,12,0) -> 45208 | BJ49: =VLOOKUP(A49,'ID Block'!A:M,13,0) -> Sickness Issue | BK49: =BI49-R49 -> 54 | BL49: Done | BN49: Sickness Issue
A50: 171145 | C50: Genex060 | D50: Nadirujjaman Ridoy | E50: Male | F50: 1118995431 | G50: CSO | H50: Content Moderator | I50: Operation | J50: BG Platform Governance Requirements | K50: TEMU | L50: Apprentice Fixed | M50: Abdul Moontakim Alif | N50: Asif Iqbal | O50: Ashraful Haq | P50: Temu Batch-15 | Q50: 45192 | R50: 45198 | W50: nadirujjaman390@gmail.com | X50: 1748221485 | Y50: 1748221485 | Z50: Rofiqul Islam | AA50: 1710991583 | AB50: Father | AC50: B+ | AD50: 36083 | AE50: 25.517808 | AF50: Islam | AG50: 1964486623 | AH50: N/A | AI50: BA | AJ50: N/A | AK50: 2023 | AL50: Uttara Anowara Model Degree College | AM50: Rofiqul Islam | AN50: Nazma Begum | AO50: Uttara, Joinal Market Dhaka-1230 | AP50: Uttara, Joinal Market Dhaka-1230 | AQ50: Joinal Market | AR50: Single | BA50: Agent | BB50: 10800 | BC50: 2700 | BD50: 1000 | BE50: Evening | BF50: - | BG50: - | BH50: Resignation | BI50: =VLOOKUP(A50,'ID Block'!A:L,12,0) -> 45210 | BJ50: =VLOOKUP(A50,'ID Block'!A:M,13,0) -> Better opportunity | BK50: =BI50-R50 -> 12 | BL50: Done | BN50: Better opportunity
A51: 171050 | D51: Mafia Chowdhury | E51: Female | F51: 1110213907 | G51: CSO | H51: Content Moderator | I51: Operation | J51: Home 2 | K51: TEMU | L51: Apprentice Fixed | M51: Mizanur Rahman | N51: Asif Iqbal | O51: Shaadh Rahman | P51: Temu Batch-12 | Q51: 45146 | R51: 45154 | W51: jannatakthershathi03@gmail.com | X51: 1983628324 | Y51: 1720049142 | Z51: Sumi Akter | AA51: 1720049142 | AB51: Mother | AC51: B+ | AD51: 36343 | AE51: 24.805479 | AF51: Islam | AG51: 6454747319 | AH51: N/A | AI51: BSC | AJ51: N/A | AK51: N/A | AL51: International University of Business Agriculture and Technology | AM51: MD. Dulal Mia | AN51: Sumi Akter | AO51: Area: Shah Kabir Mazar Road,37 Chalabond, Bhai Bhai market, House #292, PS: Dhakhsinkhan, Dist: Dhaka | AP51: Area: Shah Kabir Mazar Road,37 Chalabond, Bhai Bhai market, House #292, PS: Dhakhsinkhan, Dist : Dhaka | AQ51: Uttara | AR51: Unmarried | BA51: Agent | BB51: 10800 | BC51: 2700 | BD51: 0 | BE51: Morning | BF51: - | BG51: - | BH51: Resignation | BI51: =VLOOKUP(A51,'ID Block'!A:L,12,0) -> 45215 | BJ51: =VLOOKUP(A51,'ID Block'!A:M,13,0) -> Better opportunity | BK51: =BI51-R51 -> 61 | BL51: Done | BN51: Better opportunity
A52: 171021 | C52: mmaigenex031 | D52: Sakiul Alam Nawab | E52: Male | F52: 1112735476 | G52: CSO | H52: Content Moderator | I52: Operation | J52: Content Moderation and Data Annotation | K52: TEMU | L52: Apprentice Fixed | M52: Abdul Moontakim Alif | N52: Asif Iqbal | O52: Shaadh Rahman | P52: Temu Batch-2 | Q52: 45029 | R52: 45042 | W52: sakiul.aiub@gmail.com | X52: 1761237800 | Z52: Most Setara Begum | AA52: 1917293591 | AB52: Mother | AC52: B+ | AD52: 36323 | AE52: 24.860274 | AF52: Islam | AG52: 6454830271 | AH52: N/A | AI52: B.S.C | AJ52: N/A | AK52: N/A | AL52: American International University Bangladesh | AM52: Md Robiul Alam | AN52: Most Setara Begum | AO52: Area : House -51, Road -19, Nikunja 2, Thana : Khilkhet , Dist :Dhaka | AP52: Vill : Dowlatpur, Thana: Shibganj Dist : Chapainawabganj | AQ52: Khilkhet | AR52: Unmarried | BA52: Agent | BB52: 10800 | BC52: 2700 | BD52: 1000 | BE52: Evening | BF52: 161676 | BG52: Netstar | BH52: Resignation | BI52: =VLOOKUP(A52,'ID Block'!A:L,12,0) -> 45215 | BJ52: =VLOOKUP(A52,'ID Block'!A:M,13,0) -> Study purpose | BK52: =BI52-R52 -> 173 | BL52: Done | BN52: Study purpose
A53: 171018 | C53: mmaigenex028 | D53: Chanchal Sarkar | E53: Male | F53: 398181 | G53: CSO | H53: Content Moderator | I53: Operation | J53: Content Moderation and Data Annotation | K53: TEMU | L53: Apprentice Fixed | M53: Abdul Moontakim Alif | N53: Asif Iqbal | O53: Shaadh Rahman | P53: Temu Batch-2 | Q53: 45029 | R53: 45042 | W53: csarkar148@gmail.com | X53: 1680056488 | Z53: Bipul Sarkar | AA53: 1515209631 | AB53: Brother | AC53: AB+ | AD53: 33237 | AE53: 33.315068 | AF53: Hindu | AG53: 6870670509 | AH53: N/A | AI53: Diploma | AJ53: N/A | AK53: N/A | AL53: London guildhal college | AM53: Chittaranjan Sarkar | AN53: Shikha Rani Sarkar | AO53: Area : Kathaldia, Thana: Vatara, Dist : Dhaka | AP53: Area : Kathaldia, Thana: Vatara, Dist : Dhaka | AQ53: Vatara | AR53: Married | BA53: Agent | BB53: 10800 | BC53: 2700 | BD53: 0 | BE53: Morning | BF53: 160195 | BG53: Netstar | BH53: Resignation | BI53: =VLOOKUP(A53,'ID Block'!A:L,12,0) -> 45220 | BJ53: =VLOOKUP(A53,'ID Block'!A:M,13,0) -> Resignation | BK53: =BI53-R53 -> 178 | BL53: Done | BN53: Personal Issue
A54: 171031 | C54: mmaigenex019 | D54: Safiul Muznabin | E54: Male | F54: 1210544253 | G54: CSO | H54: Content Moderator | I54: Operation | J54: Content Moderation and Data Annotation | K54: TEMU | L54: Apprentice Fixed | M54: Halima Akter | N54: Asif Iqbal | O54: Shaadh Rahman | P54: Temu Batch-3 | Q54: 45033 | R54: 45040 | W54: safiul.shetu@gmail.com | X54: 1609075990 | Z54: MD. Azizur Rahman | AA54: 1714789272 | AB54: Father | AC54: A+ | AD54: 36185 | AE54: 25.238356 | AF54: Islam | AG54: 3762449225 | AH54: N/A | AI54: H.S.C | AJ54: Honour's Final Year | AK54: 2023 | AL54: Uttara University | AM54: MD. Azizur Rahman | AN54: Mst. Beauty Akter | AO54: Area : 1/D Nikunja, Thana: Khilkhet,Dist : Dhaka | AP54: Vill : Hasligaon, Zhinaigati, Thana : Sherpur,Dist : Mymensingh | AQ54: Khilkhet | AR54: Unmarried | BA54: Agent | BB54: 10800 | BC54: 2700 | BD54: 1000 | BE54: Evening | BF54: 160561 | BG54: Netstar | BH54: Resignation | BI54: =VLOOKUP(A54,'ID Block'!A:L,12,0) -> 45225 | BJ54: =VLOOKUP(A54,'ID Block'!A:M,13,0) -> Better Opportunity | BK54: =BI54-R54 -> 185 | BL54: Done | BN54: Better opportunity
A55: 171162 | D55: Md. Abu Hurayra Chayon | E55: Male | F55: 1310626603 | G55: CSO | H55: Content Moderator | I55: Operation | J55: Beauty & accessory | K55: TEMU | L55: Apprentice Fixed | M55: Halima Akter | N55: Asif Iqbal | O55: Ashraful Haq | P55: Temu Batch-16 | Q55: 45206 | R55: 45211 | W55: abu.hurayra.chayon@gmail.com | X55: 1881273617 | Y55: 1972091834 | Z55: AISHA AKTAR | AA55: 1617360399 | AB55: Mother | AC55: A+ | AD55: 36763 | AE55: 23.654795 | AF55: Islam | AG55: 7814230889 | AH55: N/A | AI55: BSC | AJ55: N/A | AK55: 2023 | AL55: American International University-Bangladesh | AM55: MD. GOLAM HOSSAIN | AN55: AISHA AKTAR | AO55: House- 2/1/A-3, Tolarbag, Mirpur-1, Dhaka-1216 | AP55: House- 2/1/A-3, Tolarbag, Mirpur-1, Dhaka-1216 | AQ55: Mirpur | AR55: Unmarried | BA55: Agent | BB55: 10800 | BC55: 2700 | BD55: 0 | BE55: Morning | BH55: Separated | BI55: =VLOOKUP(A55,'ID Block'!A:L,12,0) -> 45225 | BJ55: =VLOOKUP(A55,'ID Block'!A:M,13,0) -> Unauthorized Absent | BK55: =BI55-R55 -> 14 | BL55: Done | BN55: Unauthorized absent
A56: 171147 | C56: Genex062 | D56: Tasin Al Majed | E56: Male | F56: 1210806605 | G56: CSO | H56: Content Moderator | I56: Operation | J56: BG Platform Governance Requirements | K56: TEMU | L56: Apprentice Fixed | M56: Abdul Moontakim Alif | N56: Asif Iqbal | O56: Ashraful Haq | P56: Temu Batch-15 | Q56: 45192 | R56: 45200 | W56: tasinalmajed007@gmail.com | X56: 1972768919 | Y56: 1923714679 | Z56: Siam Khusnobish | AA56: 1998781622 | AB56: Friend | AC56: A+ | AD56: 35683 | AE56: 26.613699 | AF56: Islam | AG56: 6004511082 | AH56: A11115692 | AI56: BSC | AJ56: N/A | AK56: 2022 | AL56: Daffodil International University | AM56: Md. Amir Pathan | AN56: Majeda Akter | AO56: West Dewvog, Munshiganj sadar, Munshiganj, Dhaka | AP56: House-32, Road-08, Nikunja-2, Khilkhet TSO, Dhaka | AQ56: Nikunja-02 | AR56: Single | BA56: Agent | BB56: 10800 | BC56: 2700 | BD56: 1000 | BE56: Evening | BF56: - | BG56: - | BH56: Resignation | BI56: =VLOOKUP(A56,'ID Block'!A:L,12,0) -> 45225 | BJ56: =VLOOKUP(A56,'ID Block'!A:M,13,0) -> Family Issue | BK56: =BI56-R56 -> 25 | BL56: Done | BN56: Family Issue
A57: 171119 | C57: FaysalKhan | D57: Md Faysal Khan | E57: Male | F57: 445032 | G57: CSO | H57: Content Moderator | I57: Operation | J57: Product's Review | K57: TEMU | L57: Apprentice Fixed | M57: MD. Fahim Hossain Hemal | N57: Asif iqbal | O57: Shaadh Rahman | P57: Temu Batch-11 | Q57: 45116 | R57: 45121 | W57: faisal161619@gmail.com | X57: 1617078638 | Y57: 1879902988 | Z57: Easir Arafat | AA57: 1714090345 | AB57: Brother | AC57: AB+ | AD57: 35276 | AE57: 27.728767 | AF57: Islam | AG57: 4216850075 | AH57: N/A | AI57: B.B.A | AJ57: M.B.A | AK57: 2024 | AL57: Mirpur University College | AM57: Abdul Quddus Khan | AN57: Goleza Oher | AO57: Area : 887 Lake view, Est. Shewrapara, Thana: Mirpur Dist : Dhaka | AP57: Vill: Shatpai, Post: Ananta pukurpar - 2400, Thana: Netrokona Sador, Dist: Netrokona | AQ57: Mirpur | AR57: Unmarried | BA57: Agent | BB57: 10800 | BC57: 2700 | BD57: 0 | BE57: Morning | BF57: - | BG57: - | BH57: Resignation | BI57: =VLOOKUP(A57,'ID Block'!A:L,12,0) -> 45230 | BJ57: =VLOOKUP(A57,'ID Block'!A:M,13,0) -> Sickness Issue | BK57: =BI57-R57 -> 109 | BL57: Done | BN57: Sickness Issue
A58: 171103 | C58: naihe4op | D58: Md. Khorshed Uz Zaman | E58: Male | F58: T/3652/037 | G58: CSO | H58: Content Moderator | I58: Operation | J58: Identification of the same product | K58: TEMU | L58: Apprentice Fixed | M58: Halima Akter | N58: Asif Iqbal | O58: Shaadh Rahman | P58: Temu Batch-10 | Q58: 45110 | R58: 45113 | W58: khorshedali13@gmail.com | X58: 1305887611 | Y58: N/A | Z58: G.M. Arif Iqbal | AA58: 1730351669 | AB58: Brother-in-Law | AC58: O+ | AD58: 33762 | AE58: 31.876712 | AF58: Islam | AG58: 4155471974 | AH58: N/A | AI58: MBA | AJ58: N/A | AK58: N/A | AL58: Southeast University | AM58: Late. Md. Nasir Uddin Ahmed | AN58: Late. Khorsheda Ahmed | AO58: House: 48, West Baishtaky, Mirpur-13, Kafrul, Dhaka- 1216. | AP58: House: 48, West Baishtaky, Mirpur-13, Kafrul, Dhaka- 1216. | AQ58: Mirpur | AR58: Married | BA58: Agent | BB58: 10800 | BC58: 2700 | BD58: 0 | BE58: Morning | BF58: - | BG58: - | BH58: Separated | BI58: =VLOOKUP(A58,'ID Block'!A:L,12,0) -> 45230 | BJ58: =VLOOKUP(A58,'ID Block'!A:M,13,0) -> ZTP | BK58: =BI58-R58 -> 117 | BL58: Done | BN58: ZTP issues (Misbehave & Shouting with TL)
A59: 171099 | D59: Md. Nahid Hassan | E59: Male | F59: 335681 | G59: CSO | H59: Content Moderator | I59: Operation | J59: Identification of the same product | K59: TEMU | L59: Apprentice Fixed | M59: Halima Akter | N59: Asif Iqbal | O59: Shaadh Rahman | P59: Temu Batch-10 | Q59: 45110 | R59: 45113 | W59: nahiddot@gmail.com | X59: 1713965790 | Y59: 1518405497 | Z59: Shafayet Jamil Shawon | AA59: 1888713465 | AB59: Friend | AC59: O+ | AD59: 34799 | AE59: 29.035616 | AF59: Islam | AG59: 1502017864 | AH59: N/A | AI59: BSC | AJ59: MSC | AK59: 2023 | AL59: KUET | AM59: Md. Abdul Halim | AN59: Nazira Begum | AO59: House- 281/1/UNO, Pirerbag, 60 feet, Mirpur, Dhaka | AP59: House-350, Jamira Hat-9210, Phultala, Khulna | AQ59: Mirpur | AR59: Unmarried | BA59: Agent | BB59: 10800 | BC59: 2700 | BD59: 1000 | BE59: Evening | BF59: - | BG59: - | BH59: Separated | BI59: =VLOOKUP(A59,'ID Block'!A:L,12,0) -> 45232 | BJ59: =VLOOKUP(A59,'ID Block'!A:M,13,0) -> Unauthorized Absent | BK59: =BI59-R59 -> 119 | BL59: Done | BN59: Unauthorized absent
A60: 171183 | D60: Sheikh Mohammad Sayfullah | E60: Male | F60: 299312 | G60: CSO | H60: Content Moderator | I60: Operation | J60: Beauty & accessory | K60: TEMU | L60: Apprentice Fixed | M60: Halima Akter | N60: Asif Iqbal | O60: Ashraful Haq | P60: Temu Batch-16 | Q60: 45207 | R60: 45211 | W60: sheikhsayfullahjnu06@gmail.com | X60: 1324561676 | Y60: N/A | Z60: Md.Jahirul Islam | AA60: 1712421076 | AB60: Brother | AC60: O+ | AD60: 32603 | AE60: 35.052055 | AF60: Islam | AG60: 1021013659 | AH60: N/A | AI60: MSS | AJ60: N/A | AK60: 2011 | AL60: Jagannath University | AM60: Mohammad Belayet Hossain | AN60: Hasen Vanu Parul | AO60: House No:92, Road: Baitun Najad Jame Masjid,West Mollartech,Thana:Dakkhinkhan, Post Office:Ashkona (1230)Word No:50,DNCC | AP60: House Name: Sheikh Villa,Road: Women College Road,Word No:08, Bauphal Paurasava, Post Office: Bauphal (8620),Upazila: Bauphal, District: Patuakhali | AQ60: Uttara | AR60: Unmarried | BA60: Agent | BB60: 10800 | BC60: 2700 | BD60: 0 | BE60: Morning | BH60: Resignation | BI60: =VLOOKUP(A60,'ID Block'!A:L,12,0) -> 45233 | BJ60: =VLOOKUP(A60,'ID Block'!A:M,13,0) -> Better Opportunity | BK60: =BI60-R60 -> 22 | BL60: Done | BN60: Better Opportunity
A61: 171022 | C61: mmaigenex033 | D61: Rumana Nahar | E61: Female | F61: 1210951869 | G61: CSO | H61: Content Moderator | I61: Operation | J61: Content Moderation and Data Annotation | K61: TEMU | L61: Apprentice Fixed | M61: Abdul Moontakim Alif | N61: Asif Iqbal | O61: Shaadh Rahman | P61: Temu Batch-2 | Q61: 45029 | R61: 45042 | W61: rumananahar123@gmail.com | X61: 1838876981 | Z61: Hassan Mahmud Polash | AA61: 1838876981 | AB61: Husband | AC61: A+ | AD61: 36724 | AE61: 23.761644 | AF61: Islam | AG61: 8265038482 | AH61: BW0420330 | AI61: H.S.C | AJ61: English Honours | AK61: 2024 | AL61: Shiddeswari girls college | AM61: Kawser Ahammed | AN61: Shanaz parvin | AO61: Area : Plot:50,road:04 dhanshiri building, Thana : uttara , Dist : Dhaka | AP61: Vill : Lengutia, Thana: Mehendigonj, Dsit : Barisal | AQ61: Uttara | AR61: Married | BA61: Agent | BB61: 10800 | BC61: 2700 | BD61: 0 | BE61: Morning | BF61: 161662 | BG61: Netstar | BH61: Separated | BI61: =VLOOKUP(A61,'ID Block'!A:L,12,0) -> 45236 | BJ61: =VLOOKUP(A61,'ID Block'!A:M,13,0) -> ZTP | BK61: =BI61-R61 -> 194 | BL61: Done | BN61: ZTP( Genmon Login )
A62: 171097 | C62: zhulan3op | D62: Minhaz Al Mahmud | E62: Male | F62: 1012715717 | G62: CSO | H62: Content Moderator | I62: Operation | J62: Identification of the same product | K62: TEMU | L62: Apprentice Fixed | M62: Abdul Moontakim Alif | N62: Asif Iqbal | O62: Shaadh Rahman | P62: Temu Batch-10 | Q62: 45110 | R62: 45113 | W62: minhazalmahmud@outlook.com | X62: 1722306160 | Y62: 1738463007 | Z62: Most. Sadia Afrin | AA62: 1744371007 | AB62: Spouse | AC62: A+ | AD62: 35524 | AE62: 27.049315 | AF62: Islam | AG62: 5553707729 | AH62: A00844241 | AI62: BSC | AJ62: Masters | AK62: 2024 | AL62: Rajshahi College | AM62: Md. Abdur Mannan | AN62: Most. Nazma Khatun | AO62: House- 132, Road: 07, Block: D, Bashundhara R/A, Vatara, Dhaka-1229 | AP62: Vill: Charghat, Post: Charghat(6270), Thana: Charghat, Dist: Rajshahi | AQ62: Bashundhara R/A | AR62: Married | AS62: Most. Sadia Afrin | AT62: 36821 | BA62: Agent | BB62: 10800 | BC62: 2700 | BD62: 0 | BE62: Morning | BF62: - | BG62: - | BH62: Resignation | BI62: =VLOOKUP(A62,'ID Block'!A:L,12,0) -> 45238 | BJ62: =VLOOKUP(A62,'ID Block'!A:M,13,0) -> Better Opportunity | BK62: =BI62-R62 -> 125 | BL62: Done | BN62: Better Opportunity
A63: 171129 | D63: Md. Nasim Hayder | E63: Male | F63: 1118986077 | G63: CSO | H63: Content Moderator | I63: Operation | J63: Object(product) detection | K63: TEMU | L63: Apprentice Fixed | M63: Halima Akter | N63: Asif Iqbal | O63: Shaadh Rahman | P63: Temu Batch-12 | Q63: 45146 | R63: 45154 | W63: siamsharker16@gmail.com | X63: 1625495858 | Y63: 1635396332 | Z63: Abu sayed | AA63: 1635396332 | AB63: Brother | AC63: O+ | AD63: 36207 | AE63: 25.178082 | AF63: Islam | AG63: 6904396857 | AH63: N/A | AI63: MBA | AJ63: N/A | AK63: N/A | AL63: Shanto Mariom university | AM63: Md. Abdul Malek | AN63: Shahanaj begom | AO63: Area: Sector 11, read 10, house 08 , PS: Uttara Dist: Dhaka | AP63: House 39 & Road Auchpara,2/1,shukkar mahmud road PS: Turag Dist: Dhaka | AQ63: Uttara | AR63: Unmarried | BA63: Agent | BB63: 10800 | BC63: 2700 | BD63: 1000 | BE63: Evening | BF63: - | BG63: - | BH63: Resignation | BI63: =VLOOKUP(A63,'ID Block'!A:L,12,0) -> 45246 | BJ63: =VLOOKUP(A63,'ID Block'!A:M,13,0) -> Better Opportunity | BK63: =BI63-R63 -> 92 | BL63: Done | BN63: Better Opportunity
A64: 171157 | D64: Md. Fakrul Islam | E64: Male | F64: 1311113044 | G64: CSO | H64: Content Moderator | I64: Operation | J64: Home 2 | K64: TEMU | L64: Apprentice Fixed | M64: Md. Fahim Hossain Hemal | N64: Asif Iqbal | O64: Ashraful Haq | P64: Temu Batch-16 | Q64: 45206 | R64: 45211 | W64: fakrulislamnaeem@gmail.com | X64: 1845412782 | Y64: 1924532839 | Z64: Manowara Begum | AA64: 8801854995548 | AB64: Mother | AC64: B- | AD64: 36715 | AE64: 23.786301 | AF64: Islam | AG64: 3308611908 | AH64: N\A | AI64: Graduation | AJ64: N\A | AK64: 2023 | AL64: IUBAT | AM64: Md. Mofiz Ullah | AN64: Monowara Begum | AO64: House: 06, Road: 11, Sector: 10, Uttara, Dhaka | AP64: House: Farazi Villa, Vill- Charkakra, PO- Bashurhat-3850, Companigonj, Bashurhat, Noakhali | AQ64: Uttara | AR64: Unmarried | BA64: Agent | BB64: 10800 | BC64: 2700 | BD64: 0 | BE64: Morning | BH64: Resignation | BI64: =VLOOKUP(A64,'ID Block'!A:L,12,0) -> 45246 | BJ64: =VLOOKUP(A64,'ID Block'!A:M,13,0) -> Study purpose | BK64: =BI64-R64 -> 35 | BL64: Done | BN64: Study purpose
A65: 171123 | C65: mmaigenex037 | D65: Most. Sadia Afrin | E65: Female | F65: 1312625811 | G65: CSO | H65: Content Moderator | I65: Operation | J65: Home 2 | K65: TEMU | L65: Apprentice Fixed | M65: Mizanur Rahman | N65: Asif Iqbal | O65: Shaadh Rahman | P65: Temu Batch-12 | Q65: 45146 | R65: 45154 | W65: sshironsanam1007@gmail.com | X65: 1744371007 | Y65: 1722306160 | Z65: Minhaz Al Mahmud | AA65: 1722306160 | AB65: Husband | AC65: O+ | AD65: 36821 | AE65: 23.49589 | AF65: Islam | AG65: 9581659613 | AH65: A00844243 | AI65: Diploma | AJ65: N/A | AK65: N/A | AL65: Rajshahi Mohila Polytechnic Institute | AM65: Md. Abul Kalam Azad | AN65: Most. Nurjahan Begum | AO65: Area: Bashundhara, Block D, Road 7, House 132, PS: Vatara , Dist : Dhaka | AP65: Vill: Meramotpur,PS: Charghat, Dist: Rajshahi | AQ65: Bashundhara | AR65: Married | AS65: Minhaz Al Mahmud | AT65: 35524 | BA65: Agent | BB65: 10800 | BC65: 2700 | BD65: 0 | BE65: Morning | BF65: - | BG65: - | BH65: Resignation | BI65: =VLOOKUP(A65,'ID Block'!A:L,12,0) -> 45246 | BJ65: =VLOOKUP(A65,'ID Block'!A:M,13,0) -> Study Aboard | BK65: =BI65-R65 -> 92 | BL65: Done | BN65: Study purpose
A66: 171185 | C66: heibulin5op | D66: Mahbubul Alam | E66: Male | F66: 456798 | G66: CSO | H66: Content Moderator | I66: Operation | J66: Home 2 | K66: TEMU | L66: Apprentice Fixed | M66: Md. Fahim Hossain Hemal | N66: Asif Iqbal | O66: Ashraful Haq | P66: Temu Batch-16 | Q66: 45208 | R66: 45211 | W66: Rizvialam007@gmail.com | X66: 1790768959 | Y66: N/A | Z66: Rasheda Akter | AA66: 1732333855 | AB66: Sister | AC66: B+ | AD66: 35058 | AE66: 28.326027 | AF66: Islam | AG66: 5502682817 | AH66: N/A | AI66: BSC | AJ66: N/A | AK66: 2018 | AL66: Dhaka College | AM66: Mohammad Alam | AN66: Nilufar Alam | AO66: House-22, Block-J, Road-4, Pallabi Extension, Mirpur, Dhaka-1216 | AP66: House-11 Road-24 Pallabi, Mirpur, Dhaka-1216 | AQ66: Mirpur | AR66: Unmarried | BA66: Agent | BB66: 10800 | BC66: 2700 | BD66: 0 | BE66: Morning | BH66: Resignation | BI66: =VLOOKUP(A66,'ID Block'!A:L,12,0) -> 45252 | BJ66: =VLOOKUP(A66,'ID Block'!A:M,13,0) -> Better opportunity | BK66: =BI66-R66 -> 41 | BL66: Done | BN66: Better Opportunity
A67: 171175 | C67: heibulin7op | D67: Md. Abdul Awal | E67: Male | F67: 1118751304 | G67: CSO | H67: Content Moderator | I67: Operation | J67: Home 1 | K67: TEMU | L67: Apprentice Fixed | M67: Md. Fahim Hossain Hemal | N67: Asif Iqbal | O67: Ashraful Haq | P67: Temu Batch-16 | Q67: 45206 | R67: 45211 | W67: md.abdulawal757@gmail.com | X67: 1629773652 | Y67: 1920153280 | Z67: Abubakar Siddik | AA67: 1580336403 | AB67: Friend | AC67: A+ | AD67: 35864 | AE67: 26.117808 | AF67: Islam | AG67: 9577404594 | AH67: N/A | AI67: BSS | AJ67: MSS | AK67: 2021 | AL67: Noakhali Science And Technology University | AM67: Md. Abdul Wadud | AN67: Parul Akter | AO67: House- 26, Road- 20, Eskaton Garden, Bangla Motor, Dhaka 1000 | AP67: House- 855, Nurunabi Engineer bari, West Maijdee, Noakhali - 3801 | AQ67: Bangla Motor | AR67: Unmarried | BA67: Agent | BB67: 10800 | BC67: 2700 | BD67: 0 | BE67: Morning | BH67: Resignation | BI67: =VLOOKUP(A67,'ID Block'!A:L,12,0) -> 45255 | BJ67: =VLOOKUP(A67,'ID Block'!A:M,13,0) -> Better Opportunity | BK67: =BI67-R67 -> 44 | BL67: Done | BN67: Better Opportunity
A68: 171010 | C68: NaharLabonno | D68: Shamsun Nahar Labonno | E68: Female | F68: 1510750767 | G68: CSO | H68: Content Moderator | I68: Operation | J68: Product's Review for Risk Control | K68: TEMU | L68: Apprentice Fixed | M68: Abdul Moontakim Alif | N68: Asif Iqbal | O68: Shaadh Rahman | P68: Temu Batch-1 | Q68: 45023 | R68: 45032 | W68: Shamsunnahar508@gmail.com | X68: 1865324465 | Z68: Sharima Akter Mim | AA68: 1537111871 | AB68: Sister | AC68: B+ | AD68: 37111 | AE68: 22.70137 | AF68: Islam | AG68: 9164913924 | AH68: N/A | AI68: H.S.C | AJ68: B.A in English | AK68: 2026 | AL68: Shanto-Mariam Univarsity of Creative Technology | AM68: Dewan Abdul Latif | AN68: Rashida Begum | AO68: Area : Uttarkhan , Thana : Dakkhinkhan Dist : Dhaka | AP68: Vill : Damuddya bazar , Thana : Damuddya, Dist : Shariatpur | AQ68: Dakkhinkhan | AR68: Unmarried | BA68: Agent | BB68: 10800 | BC68: 2700 | BD68: 0 | BE68: Morning | BF68: 160315 | BG68: Netstar | BH68: Resignation | BI68: =VLOOKUP(A68,'ID Block'!A:L,12,0) -> 45251 | BJ68: =VLOOKUP(A68,'ID Block'!A:M,13,0) -> Family issue | BK68: =BI68-R68 -> 219 | BL68: Done | BN68: Family Issue
A69: 171106 | C69: naihe2op | D69: Talha Chowdhury | E69: Male | F69: 592060 | G69: CSO | H69: Content Moderator | I69: Operation | J69: Identification of the same product | K69: TEMU | L69: Apprentice Fixed | M69: Halima Akter | N69: Asif Iqbal | O69: Shaadh Rahman | P69: Temu Batch-10 | Q69: 45110 | R69: 45113 | W69: talhachow@gmail.com | X69: 1981515895 | Y69: 1680625725 | Z69: Halima akter | AA69: 1711784036 | AB69: Mother | AC69: B+ | AD69: 34037 | AE69: 31.123288 | AF69: Islam | AG69: 8246571734 | AH69: N/A | AI69: MBA | AJ69: N/A | AK69: N/A | AL69: Ahsanullah University of Science and Technology | AM69: Anowar Hossain chowdhury | AN69: Halima Akter | AO69: House 07,block a, road 1,lane 1 ,duip plot,mirpur 2, Dhaka | AP69: House-34,Nur mohol, Stadium road,Chandpur | AQ69: Mirpur | AR69: Unmarried | BA69: Agent | BB69: 10800 | BC69: 2700 | BD69: 0 | BE69: Morning | BF69: - | BG69: - | BH69: Separated | BI69: =VLOOKUP(A69,'ID Block'!A:L,12,0) -> 45252 | BJ69: =VLOOKUP(A69,'ID Block'!A:M,13,0) -> Unauthorized Absent | BK69: =BI69-R69 -> 139 | BL69: Done | BN69: Unauthorized absent
A70: 171057 | C70: mmaigenex045 | D70: Md. Shahidullah | E70: Male | F70: 1117624058 | G70: CSO | H70: Content Moderator | I70: Operation | J70: Content Moderation and Data Annotation | K70: TEMU | L70: Apprentice Fixed | M70: Halima Akter | N70: Asif Iqbal | O70: Shaadh Rahman | P70: Temu Batch-5 | Q70: 45048 | R70: 45055 | W70: shahidullahkhan0107@gmail.com | X70: 1919212294 | Z70: Moyedur Rahman | AA70: 1717943000 | AB70: Father | AC70: A+ | AD70: 35960 | AE70: 25.854795 | AF70: Islam | AG70: 7354399615 | AH70: N/A | AI70: B.B.A | AJ70: N/A | AK70: N/A | AL70: College of aviation technology | AM70: Moyedur Rahman | AN70: Habiba Begum | AO70: Area : House-2,Road-19,Block-Ta, Section-6,Thana : Pallabi , Dist : Dhaka | AP70: Vill : Rampur,Thana : Biral ,Dist : Dinajpur | AQ70: Mirpur | AR70: Unmarried | BA70: Agent | BB70: 10800 | BC70: 2700 | BD70: 0 | BE70: Morning | BF70: 161747 | BG70: Netstar | BH70: Resignation | BI70: =VLOOKUP(A70,'ID Block'!A:L,12,0) -> 45260 | BJ70: =VLOOKUP(A70,'ID Block'!A:M,13,0) -> Sickness | BK70: =BI70-R70 -> 205 | BL70: Done | BN70: Sickness Issue
A71: 171236 | D71: Md. Yeasin Mahmud Liton | E71: Male | F71: 1110214621 | G71: CSO | H71: Content Moderator | I71: Operation | J71: Home 1 | K71: TEMU | L71: Apprentice Fixed | M71: MD. Fahim Hossain Hemal | N71: Asif Iqbal | O71: Ashraful Haq | P71: Temu Batch-19 | Q71: 45251 | R71: 45256 | W71: yeasinmahmud05@gmail.com | X71: 1845309781 | Y71: N/A | Z71: Mother | AA71: 1762162629 | AB71: Mother | AC71: AB+ | AD71: 36086 | AE71: 25.509589 | AF71: Islam | AG71: 6455180452 | AH71: N/A | AI71: BA | AJ71: N/A | AK71: 2022 | AL71: Govt.Titumir College | AM71: Md Abdur Razzak | AN71: Sumsad Begum Lipy | AO71: 598/1 West Nakhal Para Post Office Tejgaon Dhaka - 1215 | AP71: 598/1 West Nakhal Para Post Office Tejgaon Dhaka - 1215 | AQ71: Nakhalpara | AR71: Married | AS71: Jaytun Nesa Bindu | AT71: 35224 | AU71: Tasin Taiyeba Ayat | AV71: 44635 | AW71: Taskin Tahiya Ayjal | AX71: 45154 | BA71: Agent | BB71: 10800 | BC71: 2700 | BD71: 0 | BE71: Morning | BH71: Resignation | BI71: =VLOOKUP(A71,'ID Block'!A:L,12,0) -> 45265 | BJ71: =VLOOKUP(A71,'ID Block'!A:M,13,0) -> Better Opportunity | BK71: =BI71-R71 -> 9 | BL71: Done | BN71: Better Opportunity
A72: 171267 | C72: xisailuo24op | D72: Jahanara Begum | E72: Female | F72: 323918 | G72: CSO | H72: Content Moderator | I72: Operation | J72: Home 1 | K72: TEMU | L72: Apprentice Fixed | M72: MD. Fahim Hossain Hemal | N72: Asif Iqbal | O72: Ashraful Haq | P72: Temu Batch- 19 | Q72: 45251 | R72: 45261 | W72: sonali.nur15@gmail.com | X72: 1771359834 | Y72: N/A | Z72: Abdul Jalil Shikder | AA72: 1741789209 | AB72: Father | AC72: O+ | AD72: 33960 | AE72: 31.334247 | AF72: Islam | AG72: 3288700861 | AH72: N/A | AI72: MSS | AJ72: N/A | AK72: 2019 | AL72: Govt. B M College | AM72: Abdul Jalil Shikder | AN72: Mst. Fatema | AO72: House no: 364/12, Jamtola mor, Noor Madina Jame Masjed road. Area: Kawla. PS: khilkhet. Dist: Dhaka | AP72: Vill: Sholna. PO: Sholna. PS: Airport. Dist: Barishal | AQ72: Kawla | AR72: Married | AS72: Rakibul Haque Maruf | AT72: 32652 | AU72: N/A | AV72: N/A | AW72: N/A | AX72: N/A | BA72: Agent | BB72: 10800 | BC72: 2700 | BD72: 0 | BE72: Morning | BH72: Resignation | BI72: =VLOOKUP(A72,'ID Block'!A:L,12,0) -> 45265 | BJ72: =VLOOKUP(A72,'ID Block'!A:M,13,0) -> Personal Issue | BK72: =BI72-R72 -> 4 | BL72: Done | BN72: Personal Issue
A73: 171281 | C73: heibulin31op | D73: Zillur Rahman | E73: Male | G73: CSO | H73: Content Moderator | I73: Operation | J73: Home 1 | K73: TEMU | L73: Apprentice Fixed | M73: MD. Fahim Hossain Hemal | N73: Asif Iqbal | O73: Ashraful Haq | P73: Temu Batch- 20 | Q73: 45251 | R73: 45261 | W73: alaminhusain2686@gmail.com | X73: 1960432494 | Y73: N/A | AD73: 35065 | AE73: 28.306849 | AF73: Islam | AI73: BSC | AJ73: N/A | AK73: 2023 | AL73: Alauddin Ahmed Physical Institute | AM73: Abdul Aziz | AN73: Amina Khatun | AO73: 40fit, Future Town Mohammadpur, Dhaka-1207 | AP73: Vill# Debinagar, Post# Osmanpur, Thana# khoksha | AQ73: Mohammadpur | AR73: Unmarried | AS73: N/A | AT73: N/A | AU73: N/A | AV73: N/A | AW73: N/A | AX73: N/A | BA73: Agent | BB73: 10800 | BC73: 2700 | BD73: 0 | BE73: Morning | BH73: Separated | BI73: =VLOOKUP(A73,'ID Block'!A:L,12,0) -> 45265 | BJ73: =VLOOKUP(A73,'ID Block'!A:M,13,0) -> Unauthorized Absent | BK73: =BI73-R73 -> 4 | BL73: Done | BN73: Unauthorized absent
A74: 171001 | D74: Abdul Moontakim Alif | E74: Male | F74: 1317746912 | G74: Senior Executive | H74: Team Leader | I74: Operation | J74: English Customer Service Audio Transcription | K74: TEMU | L74: Project Base Fixed | M74: Asif Iqbal | N74: Abdallah Shaadh Rahman | O74: Shaadh Rahman | P74: Temu Batch-1 | Q74: 45023 | R74: 45032 | S74: 45119 | V74: 88-01847270360 | X74: 1765941991 | Y74: 1847270360 | Z74: Mohathir Mohammad Mim | AA74: 1317217081 | AB74: Brother | AC74: A+ | AD74: 36272 | AE74: 25 | AF74: Islam | AG74: 6904360374 | AH74: BY0372325 | AI74: H.S.C | AJ74: BSc In Electrical and Electronics Engineering , Final Semester | AK74: 2024 | AL74: BRAC University | AM74: Md. Zulfikar Ali | AN74: Mst. Kohinoor Begum | AO74: Area : Road 19, Nikunja 2, Thana : Khilkhet, Dist : Dhaka-1229 | AP74: Vill : HallPara, Thana: Thakurgaon Sadar, Dist : Thakurgaon | AQ74: Khilkhet | AR74: Unmarried | BA74: Supervisor | BB74: 16380 | BC74: 3000 | BD74: 2000 | BE74: Evening | BF74: 160096 | BG74: Netstar | BH74: Resignation | BI74: =VLOOKUP(A74,'ID Block'!A:L,12,0) -> 45266 | BJ74: =VLOOKUP(A74,'ID Block'!A:M,13,0) -> Personal Issue | BK74: =BI74-R74 -> 234 | BL74: Done | BN74: Personal Issue
A75: 171066 | C75: Genex005 | D75: SHA PARAN | E75: Male | F75: 207603/2003 | G75: CSO | H75: Content Moderator | I75: Operation | J75: BG Platform Governance Requirements | K75: TEMU | L75: Apprentice Fixed | M75: Abdul Moontakim Alif | N75: Asif Iqbal | O75: Shaadh Rahman | P75: Temu Batch-8 | Q75: 45077 | R75: 45090 | W75: mdshahporan314@gmail.com | X75: 1781466677 | Y75: 1754543637 | Z75: ROKSANA AKTHER | AA75: 1772001766 | AB75: Wife | AC75: O+ | AD75: 32518 | AE75: 35.284932 | AF75: Islam | AG75: 3713675589 | AH75: BT 0631450 | AI75: M.A | AJ75: N/A | AK75: N/A | AL75: Asian University of Bangladesh | AM75: Nurul Islam | AN75: Kaiturun Nessa | AO75: House.57,Road. 04,(Pakuria Bazar beside Sector 14,Uttara) P.S.Turag, District.Dhaka -1230 | AP75: Vill: Haria ,Thana:Shahrasti ,District:Chandpur | AQ75: Pakuria Bazar , Turag | AR75: Married | AS75: Roksana Akther | AT75: 33878 | AU75: Halimatuch Sadia | AV75: 44556 | AW75: Noor Mohammad Safwan | AX75: 45010 | BA75: Agent | BB75: 10800 | BC75: 2700 | BD75: 1000 | BE75: Evening | BF75: - | BG75: - | BH75: Resignation | BI75: =VLOOKUP(A75,'ID Block'!A:L,12,0) -> 45266 | BJ75: =VLOOKUP(A75,'ID Block'!A:M,13,0) -> Exam issue | BK75: =BI75-R75 -> 176 | BL75: Done | BN75: Exam Issue
A76: 171206 | D76: Md. Abdur Rakib | E76: Male | F76: 820075 | G76: CSO | H76: Content Moderator | I76: Operation | J76: BG Platform Governance Requirements | K76: TEMU | L76: Apprentice Fixed | M76: Abdul Moontakim Alif | N76: Asif Iqbal | O76: Ashraful Haq | P76: Temu Batch-17 | Q76: 45224 | R76: 45235 | W76: logichard9@gmail.com | X76: 1317778246 | Y76: N/A | Z76: Fariha Sultana | AA76: 1752748243 | AB76: Spouse | AC76: AB+ | AD76: 34557 | AE76: 29.69863 | AF76: Islam | AG76: 3732013209 | AH76: N/A | AI76: BSC | AJ76: N/A | AK76: 2019 | AL76: Sheikh Fazilatunnesa Mujib University | AM76: Tufyel Ahamed | AN76: MST.Jahanara begum | AO76: Khilkhet, uttarpara,Dhaka | AP76: Sharkar bari, west brahmonpara,post:hazrabari 2010,Thana:Melanfha,dist:Jamalpur | AQ76: Khilkhet utttarpara | AR76: Married | AS76: Fariha Sultana | AT76: N/A | AU76: N/A | AV76: N/A | BA76: Agent | BB76: 10800 | BC76: 2700 | BD76: 1000 | BE76: Evening | BH76: Separated | BI76: =VLOOKUP(A76,'ID Block'!A:L,12,0) -> 45266 | BJ76: =VLOOKUP(A76,'ID Block'!A:M,13,0) -> Unauthorized Absent | BK76: =BI76-R76 -> 31 | BL76: Done | BN76: Unauthorized absent
A77: 171058 | C77: mmaigenex048 | D77: Shabnaj Shikdar | E77: Female | F77: 649380 | G77: CSO | H77: Content Moderator | I77: Operation | J77: Content Moderation and Data Annotation | K77: TEMU | L77: Apprentice Fixed | M77: Abdul Moontakim Alif | N77: Asif Iqbal | O77: Shaadh Rahman | P77: Temu Batch-6 | Q77: 45051 | R77: 45063 | W77: shabnajshikdar@gamil.com | X77: 1730241731 | Y77: 1732512222 | Z77: Monira shikdar | AA77: 1732512222 | AB77: Mother | AC77: B+ | AD77: 34017 | AE77: 31.178082 | AF77: Islam | AG77: 7324054332 | AH77: N/A | AI77: B.B.A | AJ77: N/A | AK77: N/A | AL77: AUB | AM77: Abhul hasnat shikdar | AN77: Monira shikdar | AO77: Area : 196/1/B, tetoltola, marine tower,Thana: khilkhet, Dist: dhaka | AP77: Vill: Nobinaghar, Thana:Nobinaghar , Dist : Bramonbaria | AQ77: khilkhet | AR77: Married | BA77: Agent | BB77: 10800 | BC77: 2700 | BD77: 0 | BE77: Morning | BF77: - | BG77: - | BH77: Resignation | BI77: =VLOOKUP(A77,'ID Block'!A:L,12,0) -> 45267 | BJ77: =VLOOKUP(A77,'ID Block'!A:M,13,0) -> Personal Issue | BK77: =BI77-R77 -> 204 | BL77: Done | BN77: Personal Issue
A78: 171158 | D78: Mst. Acia Khatun | E78: Female | F78: 1113432398 | G78: CSO | H78: Content Moderator | I78: Operation | J78: Home 1 | K78: TEMU | L78: Apprentice Fixed | M78: Mizanur Rahman | N78: Asif Iqbal | O78: Ashraful Haq | P78: Temu Batch-16 | Q78: 45206 | R78: 45211 | W78: aciyaakter230@gmail.com | X78: 1629388424 | Y78: N/A | Z78: Jharna Begum | AA78: 1736283797 | AB78: Mothers | AC78: B+ | AD78: 36379 | AE78: 24.706849 | AF78: Islam | AG78: 9165050775 | AH78: N/A | AI78: BCS | AJ78: N/A | AK78: 2022 | AL78: IUBAT-International University of Business Agriculture & Technology | AM78: Md-Abu Taleb | AN78: Mst-Jharna Begum | AO78: House-17,Road-11.Sector-10,Uttara,Dhaka.Bangladesh | AP78: Basatpur,Sharsha,Jashore | AQ78: Uttara | AR78: Unmarried | BA78: Agent | BB78: 10800 | BC78: 2700 | BD78: 0 | BE78: Morning | BH78: Resignation | BI78: =VLOOKUP(A78,'ID Block'!A:L,12,0) -> 45276 | BJ78: =VLOOKUP(A78,'ID Block'!A:M,13,0) -> Examination Preparation Issue | BK78: =BI78-R78 -> 65 | BL78: Done | BN78: Examination Preparation Issue
A79: 171276 | C79: naihe63op | D79: Sharif Shams Khondkar | E79: Male | F79: 373713 | G79: CSO | H79: Content Moderator | I79: Operation | J79: Sports & shoes & bags & sepcial women clothing | K79: TEMU | L79: Apprentice Fixed | M79: Mizanur Rahman | N79: Asif Iqbal | O79: Ashraful Haq | P79: Temu Batch- 20 | Q79: 45256 | R79: 45261 | W79: shraifahmed181993@gmail.com | X79: 1754863249 | Y79: N/A | Z79: A.S.K Tanvir Ahmed | AA79: 1717589613 | AB79: Brother | AC79: O+ | AD79: 35062 | AE79: 28.315068 | AF79: Islam | AG79: 5520654285 | AH79: N/A | AI79: Hon's | AJ79: N/A | AK79: 2016 | AL79: Kushtia Govt. College | AM79: Khondkar Shamsur Rashid | AN79: Mst. Yasmin Sultana | AO79: House- 215/A, Road- 5, Bashundhara R/A, Vatara, Dhaka. | AP79: Vill- College Para, Post Office- Alamdanga, Post Code- 7210, Upazila- Alamdanga, Zilla- Chuadanga | AQ79: Bashundhara R/A | AR79: Unmarried | AS79: N/A | AT79: N/A | AU79: N/A | AV79: N/A | AW79: N/A | AX79: N/A | BA79: Agent | BB79: 10800 | BC79: 2700 | BD79: 0 | BE79: Morning | BH79: Resignation | BI79: =VLOOKUP(A79,'ID Block'!A:L,12,0) -> 45277 | BJ79: =VLOOKUP(A79,'ID Block'!A:M,13,0) -> Family Issue | BK79: =BI79-R79 -> 16 | BL79: Done | BN79: Family Issue
A80: 171254 | C80: xisailuo9op | D80: Md. Naimul Huda Nafi | E80: Male | F80: 1310689850 | G80: CSO | H80: Content Moderator | I80: Operation | J80: Women cloting | K80: TEMU | L80: Apprentice Fixed | M80: MD. Fahim Hossain Hemal | N80: Asif Iqbal | O80: Ashraful Haq | P80: Temu Batch-19 | Q80: 45251 | R80: 45256 | W80: naimulhudanafi@gmail.com | X80: 1832384929 | Y80: 1719795724 | Z80: Father | AA80: 1711234578 | AB80: Father | AC80: A+ | AD80: 36827 | AE80: 23.479452 | AF80: Islam | AG80: 1511215673 | AH80: N/A | AI80: BSC | AJ80: B.Sc in Computer Science & Engineering | AK80: 2023 | AL80: BRAC University | AM80: Md. Abdul Hamid | AN80: Most. Nasima Khatun | AO80: Flat (5/C), House no. 34, Block B, Road - 3, Aftabnagar, Dhaka-1212 | AP80: Village & Post: Raksha, Police Station: Lalpur, District: Natore, Division: Rajshahi | AQ80: Badda | AR80: Unmarried | AS80: N/A | AT80: N/A | AU80: N/A | AV80: N/A | AW80: N/A | AX80: N/A | BA80: Agent | BB80: 10800 | BC80: 2700 | BD80: 0 | BE80: Morning | BH80: Separated | BI80: =VLOOKUP(A80,'ID Block'!A:L,12,0) -> 45279 | BJ80: =VLOOKUP(A80,'ID Block'!A:M,13,0) -> Better opportunity | BK80: =BI80-R80 -> 23 | BL80: Done | BN80: Better Opportunity
A81: 171133 | D81: Zahid Ferdous | E81: Male | F81: 774122 | G81: CSO | H81: Content Moderator | I81: Operation | J81: Image segmentation | K81: TEMU | L81: Apprentice Fixed | M81: MD. Fahim Hossain Hemal | N81: Asif Iqbal | O81: Shaadh Rahman | P81: Temu Batch-12 | Q81: 45146 | R81: 45154 | W81: zahidferdous69@gmail | X81: 1770160585 | Y81: 1625383534 | Z81: MOST. ASIYA MEHE JABIN | AA81: 1625383534 | AB81: Wife | AC81: A+ | AD81: 35101 | AE81: 28.208219 | AF81: Islam | AG81: 5099987132 | AH81: N/A | AI81: B.B.A | AJ81: N/A | AK81: N/A | AL81: Gaibandha Govt. College | AM81: MD REZAUL FERDOUS | AN81: MST NURZAHAN FERDOUS | AO81: Area : Mirpur 1, Gudaraghat, Block A, Road No. 2 , PS:Mirpur Dist: Dhaka | AP81: Vill : Munshipara, PS : Gaibandha Sadar, Dist: Gaibandha | AQ81: Mirpur | AR81: Married | AS81: MOST. ASIYA MEHE JABIN | AT81: 37600 | AU81: SOUHARDO-AL IRFAN | AV81: 44750 | BA81: Agent | BB81: 10800 | BC81: 2700 | BD81: 0 | BE81: Morning | BF81: - | BG81: - | BH81: Resignation | BI81: =VLOOKUP(A81,'ID Block'!A:L,12,0) -> 45280 | BJ81: =VLOOKUP(A81,'ID Block'!A:M,13,0) -> Better opportunity | BK81: =BI81-R81 -> 126 | BL81: Done | BN81: Better Opportunity
A82: 171042 | C82: mmaigenex011 | D82: Shihab Hasan Rudro | E82: Male | F82: 1212783286 | G82: CSO | H82: Content Moderator | I82: Operation | J82: Content Moderation and Data Annotation | K82: TEMU | L82: Apprentice Fixed | M82: Halima Akter | N82: Asif Iqbal | O82: Shaadh Rahman | P82: Temu Batch-3 | Q82: 45033 | R82: 45040 | W82: rudrohasan181@gmail.com | X82: 1786025614 | Z82: Harunur Rashid | AA82: 1721512499 | AB82: Father | AC82: A- | AD82: 36251 | AE82: 25.057534 | AF82: Islam | AG82: 6005420747 | AH82: N/A | AI82: B.S.C | AJ82: N/A | AK82: N/A | AL82: University of Asia Pacific | AM82: Harunur Rashid | AN82: Mst. Bakul Nahar | AO82: Area : 58/gha/22, West Rajabazar, Thana : Farmgate ,Dist : Dhaka | AP82: Vill : Purba Karia, Thana : Panchbibi, Dist : Joypurhat | AQ82: Farmgate | AR82: Unmarried | BA82: Agent | BB82: 12000 | BC82: 3000 | BD82: 0 | BE82: Morning | BF82: 161737 | BG82: Netstar | BH82: Resignation | BI82: =VLOOKUP(A82,'ID Block'!A:L,12,0) -> 45283 | BJ82: =VLOOKUP(A82,'ID Block'!A:M,13,0) -> Better Opportunity | BK82: =BI82-R82 -> 243 | BL82: Done | BN82: Better Opportunity
A83: 171096 | C83: zhulan2op | D83: Md. Mizanur Rahman | E83: Male | F83: 1310552434 | G83: CSO | H83: Content Moderator | I83: Operation | J83: Identification of the same product | K83: TEMU | L83: Apprentice Fixed | M83: Halima Akter | N83: Asif Iqbal | O83: Shaadh Rahman | P83: Temu Batch-10 | Q83: 45110 | R83: 45113 | W83: mizanur.work35@gmail.com | X83: 1989848756 | Y83: N/A | Z83: Mrs. Minara Begum | AA83: 1796615432 | AB83: Mother | AC83: O+ | AD83: 36339 | AE83: 24.816438 | AF83: Islam | AG83: 9577374037 | AH83: N/A | AI83: BSC | AJ83: N/A | AK83: N/A | AL83: University of Asia Pacific | AM83: Md. Khalilur Rahman | AN83: Mrs. Minara Begum | AO83: House- 27, R- Kawlar Mollabari, P.O-Khilkhet-1229, Dhakkhinkhan, Dhaka Uttar City Corporation, Dhaka | AP83: Vill- Khajura, P.O- Khajura, Thana- Barguna, Zilla-Barguna | AQ83: Airport | AR83: Unmarried | BA83: Agent | BB83: 10800 | BC83: 2700 | BD83: 1000 | BE83: Evening | BF83: - | BG83: - | BH83: Resignation | BI83: =VLOOKUP(A83,'ID Block'!A:L,12,0) -> 45283 | BJ83: =VLOOKUP(A83,'ID Block'!A:M,13,0) -> Better opportunity | BK83: =BI83-R83 -> 170 | BL83: Done | BN83: Better Opportunity
A84: 171203 | D84: Md. Mehedi Hasan | E84: Male | F84: 1115258885 | G84: CSO | H84: Content Moderator | I84: Operation | J84: BG Platform Governance Requirements | K84: TEMU | L84: Apprentice Fixed | M84: Abdul Moontakim Alif | N84: Asif Iqbal | O84: Ashraful Haq | P84: Temu Batch-17 | Q84: 45224 | R84: 45235 | W84: mahadiserniabad04@gmail.com | X84: 1796338138 | Y84: 1616338138 | Z84: Md Sobuj Serniabad | AA84: 1932530626 | AB84: Brother | AC84: B+ | AD84: 36013 | AE84: 25.709589 | AF84: Islam | AG84: 7354161916 | AH84: N/A | AI84: MSS | AJ84: N/A | AK84: 2021 | AL84: Govt Titumir college | AM84: Md. Kamal Hossain | AN84: Sathi Begum | AO84: House 166, Notunpara, Madartek, Bashabo, Dhaka 1214 | AP84: East sayedkathi, Masjidbari, Banaripara, Barishal | AQ84: Bashabo | AR84: Unmarried | AS84: N/A | AT84: N/A | AU84: N/A | AV84: N/A | BA84: Agent | BB84: 10800 | BC84: 2700 | BD84: 1000 | BE84: Evening | BH84: Resignation | BI84: =VLOOKUP(A84,'ID Block'!A:L,12,0) -> 45284 | BJ84: =VLOOKUP(A84,'ID Block'!A:M,13,0) -> Better opportunity | BK84: =BI84-R84 -> 49 | BL84: Done | BN84: Better Opportunity
A85: 171030 | C85: mmaigenex017 | D85: Sourov Ahamed | E85: Male | F85: 1410849212 | G85: CSO | H85: Content Moderator | I85: Operation | J85: Content Moderation and Data Annotation | K85: TEMU | L85: Apprentice Fixed | M85: Halima Akter | N85: Asif Iqbal | O85: Shaadh Rahman | P85: Temu Batch-3 | Q85: 45033 | R85: 45040 | W85: ahammedali266@gmail.com | X85: 1956090283 | Z85: Sume Ahamed | AA85: 1954943389 | AB85: Mother | AC85: O- | AD85: 37285 | AE85: 22.224658 | AF85: Islam | AG85: 1963920572 | AH85: N/A | AI85: H.S.C | AJ85: Professional BBA 5th semester | AK85: 2024 | AL85: Uttara Town Collage And University | AM85: Ahammed Ali | AN85: Sume Ahamed | AO85: Area : Koshaibari,Mirerbazar, Thana : Tongi , Dist : Gazipur | AP85: Area : Koshaibari,Mirerbazar, Thana : Tongi , Dist : Gazipur | AQ85: Tongi | AR85: Unmarried | BA85: Agent | BB85: 10800 | BC85: 2700 | BD85: 1000 | BE85: Evening | BF85: 160797 | BG85: Netstar | BH85: Resignation | BI85: =VLOOKUP(A85,'ID Block'!A:L,12,0) -> 45286 | BJ85: =VLOOKUP(A85,'ID Block'!A:M,13,0) -> Better Opportunity | BK85: =BI85-R85 -> 246 | BL85: Done | BN85: Better Opportunity
A86: 171194 | D86: Jakia Sultana Sumi | E86: Female | F86: 435423 | G86: CSO | H86: Content Moderator | I86: Operation | J86: Sports & shoes & bags & sepcial women clothing | K86: TEMU | L86: Apprentice Fixed | M86: Mizanur Rahman | N86: Asif Iqbal | O86: Ashraful Haq | P86: Temu Batch-17 | Q86: 45224 | R86: 45235 | W86: jakiasultanasumi159@gmail.com | X86: 1611333254 | Y86: N/A | Z86: Mother | AA86: 1612200263 | AB86: Mother | AC86: B+ | AD86: 35096 | AE86: 28.221918 | AF86: Islam | AG86: 3300148636 | AH86: N/A | AI86: MBA | AJ86: N/A | AK86: 2018 | AL86: Tongi Govt. College | AM86: Jaynal Abedin | AN86: Jannatul Fardosh | AO86: House Building Staff Quarter, Building -3, sector #8, Uttara,Dhaka-1230. | AP86: Vill-Asotala, P.o-Pashchimgaon, Laksam, Cumilla. | AQ86: Uttara | AR86: Married | AS86: Dewan Habibul Hoque | AT86: 32121 | AU86: Shayan | AV86: 44829 | BA86: Agent | BB86: 10800 | BC86: 2700 | BD86: 0 | BE86: Morning | BH86: Resignation | BI86: =VLOOKUP(A86,'ID Block'!A:L,12,0) -> 45287 | BJ86: =VLOOKUP(A86,'ID Block'!A:M,13,0) -> Better Opportunity | BK86: =BI86-R86 -> 52 | BL86: Done | BN86: Better Opportunity
A87: 171225 | C87: naihe20op | D87: Md Shahnawaz Nayon | E87: Male | F87: 1010953413 | G87: CSO | H87: Content Moderator | I87: Operation | J87: Beauty & Accessory | K87: TEMU | L87: Apprentice Fixed | M87: Mizanur Rahman | N87: Asif Iqbal | O87: Ashraful Haq | P87: Temu Batch-18 | Q87: 45246 | R87: 45256 | W87: shahnawaz.nayon9@gmail.com | X87: 1799624258 | Y87: 1325887805 | Z87: Nasima Akter | AA87: 1325887805 | AB87: aunt | AC87: A+ | AD87: 35773 | AE87: 26.367123 | AF87: Islam | AG87: 4214227896 | AH87: N/A | AI87: BBA | AJ87: N/A | AK87: 2023 | AL87: North South University | AM87: Md Nasir Uddin | AN87: Nargis Akter | AO87: House 7, Road 8, Block E, Mirpur 12 Dhaka 1216 | AP87: 19/G/2 North Tolarbag, Mirpur 1, dhaka 1216 | AQ87: Mirpur 12 pallabi | AR87: single | AS87: N/A | AT87: N/A | AU87: N/A | AV87: N/A | BA87: Agent | BB87: 10800 | BC87: 2700 | BD87: 0 | BE87: Morning | BH87: Resignation | BI87: =VLOOKUP(A87,'ID Block'!A:L,12,0) -> 45288 | BJ87: =VLOOKUP(A87,'ID Block'!A:M,13,0) -> Better Opportunity | BK87: =BI87-R87 -> 32 | BL87: Done | BN87: Better Opportunity
A88: 171128 | C88: mmaigenex020 | D88: Md. Anisuzzaman | E88: Male | F88: 829328 | G88: CSO | H88: Content Moderator | I88: Operation | J88: Product's Review | K88: TEMU | L88: Apprentice Fixed | M88: MD. Fahim Hossain Hemal | N88: Asif Iqbal | O88: Shaadh Rahman | P88: Temu Batch-12 | Q88: 45146 | R88: 45154 | W88: mdanisuzzaman43@gmail.com | X88: 1749668578 | Y88: 1918747891 | Z88: Md.Firoz Kabir | AA88: 1918747891 | AB88: Brother | AC88: A+ | AD88: 34335 | AE88: 30.306849 | AF88: Islam | AG88: 1006429466 | AH88: N/A | AI88: Master's | AJ88: N/A | AK88: N/A | AL88: Govt Azizul Haque College, Bogura | AM88: Md.Afzal Hossain | AN88: Most.Fency Begum | AO88: Area: House-1240/1, East monipur,PS: Mipur,Dist: Dhaka | AP88: Vill:Salmara, Thana:Gobindaganj, post:Jalalabad, Dist : Gaibandha | AQ88: Mirpur | AR88: Unmarried | BA88: Agent | BB88: 10800 | BC88: 2700 | BD88: 0 | BE88: Morning | BF88: - | BG88: - | BH88: Resignation | BI88: =VLOOKUP(A88,'ID Block'!A:L,12,0) -> 45288 | BJ88: =VLOOKUP(A88,'ID Block'!A:M,13,0) -> Better opportunity | BK88: =BI88-R88 -> 134 | BL88: Done | BN88: Better Opportunity
A89: 171179 | C89: xisailuo10op | D89: Simla Ara | E89: Female | F89: 1117610820 | G89: CSO | H89: Content Moderator | I89: Operation | J89: Home 1 | K89: TEMU | L89: Apprentice Fixed | M89: Halima Akter | N89: Asif Iqbal | O89: Ashraful Haq | P89: Temu Batch-16 | Q89: 45208 | R89: 45211 | W89: Simlaara80@gmail.com | X89: 1783298179 | Y89: N/A | Z89: 1558138233 | AA89: 1783298179 | AB89: Friend | AC89: O+ | AD89: 36017 | AE89: 25.69863 | AF89: Islam | AG89: 1956884926 | AH89: N/A | AI89: BSC | AJ89: N/A | AK89: 2022 | AL89: American International University-Bangladesh | AM89: Shahbur Rahman | AN89: Jasmin Ara | AO89: House 263 Road 8 block D Bashundhara | AP89: Katabari,Phulbari Dinajpure | AQ89: Nikunjo | AR89: Unmarried | BA89: Agent | BB89: 10800 | BC89: 2700 | BD89: 0 | BE89: Morning | BH89: Resignation | BI89: =VLOOKUP(A89,'ID Block'!A:L,12,0) -> 45289 | BJ89: =VLOOKUP(A89,'ID Block'!A:M,13,0) -> Better opportunity | BK89: =BI89-R89 -> 78 | BL89: Done | BN89: Better Opportunity
A90: 171164 | C90: zhulan12op | D90: Md. Masud Rana | E90: Male | F90: 812403 | G90: CSO | H90: Content Moderator | I90: Operation | J90: Home 1 | K90: TEMU | L90: Apprentice Fixed | M90: Mizanur Rahman | N90: Asif Iqbal | O90: Ashraful Haq | P90: Temu Batch-16 | Q90: 45206 | R90: 45211 | W90: mr356136@gmail.com | X90: 1750425616 | Y90: 1571458975 | Z90: Md. Monirul Islam Rubel | AA90: 01735-009826 | AB90: Brother | AC90: O+ | AD90: 34577 | AE90: 29.643836 | AF90: Islam | AG90: 19944910695000000 | AH90: N/A | AI90: MSC | AJ90: N/A | AK90: 2022 | AL90: National University (Carmichael College, Rangpur ) | AM90: Late, Abdur Razzak | AN90: Monowara Begum | AO90: House: 102/1, Road: Matikatabazar, Dhaka Cantonment, Dhaka -1206 | AP90: Village: Bokultola, Post: Fulkumar, Upazila: Bhurungamari, Zila: Kurigram. | AQ90: Matikatabazar | AR90: Unmarried | BA90: Agent | BB90: 10800 | BC90: 2700 | BD90: 0 | BE90: Morning | BH90: Resignation | BI90: =VLOOKUP(A90,'ID Block'!A:L,12,0) -> 45290 | BJ90: =VLOOKUP(A90,'ID Block'!A:M,13,0) -> Better Opportunity | BK90: =BI90-R90 -> 79 | BL90: Done | BN90: Better Opportunity
A91: 171241 | C91: naihe23op | D91: Samsunnahar Begum | E91: Female | F91: N/A | G91: CSO | H91: Content Moderator | I91: Operation | J91: Home 1 | K91: TEMU | L91: Apprentice Fixed | M91: MD. Fahim Hossain Hemal | N91: Asif Iqbal | O91: Ashraful Haq | P91: Temu Batch-19 | Q91: 45251 | R91: 45256 | W91: ritubinte44@gmail.com | X91: 1791468763 | Y91: N/A | Z91: Shahnaz parvin | AA91: 1775732615 | AB91: Mother | AC91: B+ | AD91: 36160 | AE91: 25.306849 | AF91: Islam | AG91: 9577040968 | AH91: N/A | AI91: BSC | AJ91: N/A | AK91: 2023 | AL91: Southeast University | AM91: MD Rafiqul Islam | AN91: Shahnaz Parvin | AO91: House: kha 50/2 ,Rode: 5 , Tanpara , Nikunja 2 , khilkhet Dhaka. | AP91: Vill: Monaikhali ,PO:Bancharampur, PS: Bancharampur, Dist:Brahmanbaria | AQ91: Dhaka | AR91: Unmarried | AS91: N/A | AT91: N/A | AU91: N/A | AV91: N/A | AW91: N/A | AX91: N/A | BA91: Agent | BB91: 10800 | BC91: 2700 | BD91: 0 | BE91: Morning | BH91: Resignation | BI91: =VLOOKUP(A91,'ID Block'!A:L,12,0) -> 45290 | BJ91: =VLOOKUP(A91,'ID Block'!A:M,13,0) -> Exam Issues | BK91: =BI91-R91 -> 34 | BL91: Done | BN91: Better Opportunity
A92: 171100 | C92: xushiyu3op | D92: Ahsanul Haque Rahat | E92: Male | F92: 1110447487 | G92: CSO | H92: Content Moderator | I92: Operation | J92: Identification of the same product | K92: TEMU | L92: Apprentice Fixed | M92: Halima Akter | N92: Asif Iqbal | O92: Shaadh Rahman | P92: Temu Batch-10 | Q92: 45110 | R92: 45113 | W92: ahsanrahat49@gmail.com | X92: 1771993993 | Y92: NA | Z92: Najmul Haque Rubel | AA92: 1677640005 | AB92: Brother | AC92: O+ | AD92: 35504 | AE92: 27.10411 | AF92: Islam | AG92: 6002642848 | AH92: A05803222 | AI92: BSC | AJ92: NA | AK92: NA | AL92: BGMEA University of fashion & Technology | AM92: Enamul Haque | AN92: Rekha Begum | AO92: House-63/B, Kalabagan, Dhanmondi, Dhaka. | AP92: East Khabuspur, Faridpur | AQ92: Dhanmondi | AR92: Unmarried | BA92: Agent | BB92: 10800 | BC92: 2700 | BD92: 0 | BE92: Morning | BF92: - | BG92: - | BH92: Resignation | BI92: =VLOOKUP(A92,'ID Block'!A:L,12,0) -> 45291 | BJ92: =VLOOKUP(A92,'ID Block'!A:M,13,0) -> Family issue | BK92: =BI92-R92 -> 178 | BL92: Done | BN92: Family issue
A93: 171169 | C93: zhulan8op | D93: Sharmin Akter | E93: Female | F93: 1012662783 | G93: CSO | H93: Content Moderator | I93: Operation | J93: Beauty & accessory | K93: TEMU | L93: Apprentice Fixed | M93: Mizanur Rahman | N93: Asif Iqbal | O93: Ashraful Haq | P93: Temu Batch-16 | Q93: 45206 | R93: 45211 | W93: Sharmin.office77@gmail.com | X93: 1757193697 | Y93: 1865650298 | Z93: MD. Sahadul Haque | AA93: 1866820045 | AB93: Husband | AC93: AB+ | AD93: 35766 | AE93: 26.386301 | AF93: Islam | AG93: 6903053624 | AH93: N/A | AI93: BBA | AJ93: MBA | AK93: 2020 | AL93: Syed Ahmed College, shukhanpukur, Gabtoli, Bogura | AM93: MD. Abdul Aziz | AN93: Mst. Morjina Beguma | AO93: House- 11 road- 19, Kabi Faroque sarani, Nikunja-2 Dhaka | AP93: Atapara idgahmath, fulbari, dakghor: Bogura sadar- 5800, Bogura sadar, Bogura pouroshova, Bogura | AQ93: Nikunja2 | AR93: Married | AS93: Md. Sahadul Haque | BA93: Agent | BB93: 10800 | BC93: 2700 | BD93: 0 | BE93: Morning | BH93: Resignation | BI93: =VLOOKUP(A93,'ID Block'!A:L,12,0) -> 45292 | BJ93: =VLOOKUP(A93,'ID Block'!A:M,13,0) -> Better Opportunity | BK93: =BI93-R93 -> 81 | BL93: Done | BN93: Better Opportunity
A94: 171245 | C94: naihe28op | D94: Sharmin Akter | E94: Female | F94: 1010897811 | G94: CSO | H94: Content Moderator | I94: Operation | J94: Sports & shoes & bags & sepcial women clothing | K94: TEMU | L94: Apprentice Fixed | M94: Mizanur Rahman | N94: Asif Iqbal | O94: Ashraful Haq | P94: Temu Batch-19 | Q94: 45251 | R94: 45256 | W94: sharmin01628588200@gmail.com | X94: 1628588200 | Y94: N/A | Z94: Eqramor Rabbi | AA94: 1686762441 | AB94: Spouse | AC94: O+ | AD94: 35782 | AE94: 26.342466 | AF94: Islam | AG94: 1502960493 | AH94: N/A | AI94: BBA | AJ94: N/A | AK94: 2021 | AL94: Govt. Titumir College | AM94: Md Noor Hossain | AN94: Selina Begum | AO94: Vill- Talotia, P.S.- pubail, P.O.- Pubail 1721, Dis- Gazipur. | AP94: Vill- Talotia, P. S.- Pubail, P. O.- Pubail 1721, Dis- Gazipur. | AQ94: Pubail | AR94: Married | AS94: Eqramor Rabbi | AT94: 35632 | AU94: N/A | AV94: N/A | AW94: N/A | AX94: N/A | BA94: Agent | BB94: 10800 | BC94: 2700 | BD94: 0 | BE94: Morning | BH94: Resignation | BI94: =VLOOKUP(A94,'ID Block'!A:L,12,0) -> 45297 | BJ94: =VLOOKUP(A94,'ID Block'!A:M,13,0) -> Personal issue | BK94: =BI94-R94 -> 41 | BL94: Done | BN94: Personal issue
